cores,rts,tr,users,replica,ready_replica,util,mem
1.0,0.0,0.0,,1,1,0.0,0
1.0,0.0,0.0,0.0,1,1,0.0,0
1.0,0.10069736990354079,0.0421,1.0,1,1,0.0,0
1.0,0.06777330775863857,0.15326666666666666,3.0,1,1,0.0,0
1.0,0.05964000981579069,0.33349999999999996,5.0,1,1,0.0,0
1.0,0.05632674419987154,0.54675,6.0,1,1,0.0,0
1.0,0.05484829520024393,0.8290733333333333,8.0,1,1,0.0,0
1.0,0.05330270129464288,1.1452444444444445,10.0,1,1,0.0,0
1.0,0.05243243068799959,1.4954000000000003,11.0,1,1,0.0,0
1.0,0.05144289178630617,1.9502083333333333,13.0,1,1,0.0,0
1.0,0.05075822375799264,2.4392777777777774,15.0,1,1,0.0,0
1.0,0.050190874301761536,2.9629600000000003,16.0,1,1,0.0,0
1.0,0.0506939246999659,3.5907090909090913,18.0,1,1,0.0,0
1.0,0.05132149911969195,4.251805555555556,20.0,1,1,0.0,0
1.0,0.0514769452038327,4.947292307692306,21.0,1,1,0.0,0
1.0,0.05163513681357434,5.712373809523809,23.0,1,1,0.0,0
1.0,0.054648983451587335,6.511653333333333,25.0,1,1,0.0,0
1.0,0.05494653073312947,7.417791666666668,26.0,1,1,0.0,0
1.0,0.055763971162552495,8.322999999999999,28.0,1,1,0.0,0
1.0,0.06335673059236878,9.086037037037036,30.0,1,1,0.0,0
1.0,0.07870971647385296,9.883154385964913,31.0,1,1,0.0,0
1.0,0.09733459304034192,10.821066666666665,33.0,1,1,0.0,0
1.0,0.11771363835067872,11.687777777777777,36.0,1,1,0.12197654212161554,0
1.0,0.1611205848406876,12.86290579710145,38.0,1,1,0.15455594065261724,0
1.0,0.18366995327755764,13.793416666666666,40.0,1,1,0.1458474,0
1.0,0.20044790767159468,14.628090666666667,41.0,1,1,0.22558025350404315,0
1.0,0.22076958844473327,15.494919230769229,43.0,2,2,0.26061958911163524,0
1.0,0.24696864066773636,16.595232098765432,45.0,2,2,0.29484280055369494,0
1.0,0.26050879003477134,17.701249999999998,46.0,2,2,0.34176189289335246,0
1.0,0.2654803631704948,18.708643678160918,48.0,3,3,0.41594014887592556,0
1.0,0.2758821365898366,19.962520689655175,50.0,3,3,0.46419830005300033,0
1.0,0.2849639801729581,21.320114942528736,51.0,3,3,0.5360688189919197,0
1.0,0.2929301973610191,22.61458965517241,53.0,4,4,0.5972201736823101,0
1.0,0.2998950843803899,23.896551724137932,55.0,4,4,0.6590786807145838,0
1.0,0.3012613107299501,24.862068965517242,56.0,4,4,0.6801917718881372,0
1.0,0.30195974191534464,26.068965517241377,58.0,4,4,0.8046084448144541,0
1.0,0.29820149770608123,27.655172413793103,60.0,5,3,0.8217368060499354,0
1.0,0.29250234840191064,29.0,61.0,5,5,0.8715000550045708,0
1.0,0.2853757506196787,30.310344827586206,63.0,5,5,0.9167476926388888,0
1.0,0.2705905879064316,33.206896551724135,66.0,5,5,1.1379293379551827,0
1.0,0.2640382468191203,34.62068965517241,68.0,6,6,1.107110103611111,0
1.0,0.25752352351954405,35.96551724137931,70.0,6,6,1.2945443802987993,0
1.0,0.25237409110738956,37.3448275862069,71.0,7,7,1.3193976227224418,0
1.0,0.2458696169861296,38.86206896551724,73.0,7,7,1.5615549700104951,0
1.0,0.24032597456518032,40.13793103448276,75.0,8,8,1.6843600550425701,0
1.0,0.23649688600162547,41.51724137931034,76.0,8,8,1.7655473154999453,0
1.0,0.23219442203523935,43.03448275862069,78.0,9,9,1.9032562708822214,0
1.0,0.22913024077929942,44.724137931034484,80.0,9,9,1.995800519599648,0
1.0,0.2252011969968595,46.275862068965516,81.0,9,9,2.0584852631875754,0
1.0,0.2222570954960851,47.89655172413793,83.0,9,9,2.1562799957099226,0
1.0,0.2196541316430688,49.58620689655172,85.0,10,10,2.2060874111131707,0
1.0,0.2180507796339562,51.172413793103445,86.0,10,10,2.290622112351687,0
1.0,0.2157523214294375,54.62068965517241,90.0,10,10,2.3091790524938975,0
1.0,0.21142661460256518,56.55172413793103,91.0,10,10,2.463307359027591,0
1.0,0.21013935363534625,58.10344827586207,93.0,11,10,2.527166921445534,0
1.0,0.20963069357109018,59.724137931034484,95.0,11,11,2.684967609098814,0
1.0,0.20798153321094812,61.41379310344828,96.0,11,11,2.789325879984633,0
1.0,0.207063235334336,63.206896551724135,98.0,11,11,2.8692253183143417,0
1.0,0.20550121480307942,64.72413793103448,99.0,12,12,2.7817654080677765,0
1.0,0.20560385695166777,66.48275862068965,100.0,12,12,2.958380902685342,0
1.0,0.20479205282569096,67.6551724137931,100.0,12,12,3.046118795482462,0
1.0,0.20481209382483184,69.3103448275862,100.0,11,12,3.050689280772069,0
1.0,0.2050567224633383,70.82758620689656,100.0,11,12,3.1513312070929382,0
1.0,0.2048375560607992,71.89655172413794,100.0,11,12,3.266283385753347,0
1.0,0.20260628184623067,74.06896551724138,100.0,11,12,3.214785778069106,0
1.0,0.2029486633966325,74.79310344827586,100.0,11,12,3.2386813701312622,0
1.0,0.20318163384501844,75.89655172413794,100.0,11,12,3.4117590646151874,0
1.0,0.20345369527132126,76.86206896551724,100.0,11,12,3.429619330053933,0
1.0,0.20404472151751926,77.75862068965517,100.0,11,12,3.4160903567048075,0
1.0,0.20372855177211457,78.6896551724138,100.0,11,12,3.4834139364227092,0
1.0,0.20422828015736025,78.93103448275862,100.0,11,12,3.484898608398873,0
1.0,0.2045694922951694,79.89655172413794,100.0,11,12,3.4751822742845695,0
1.0,0.20485900269785715,80.48275862068965,100.0,11,12,3.454888661476727,0
1.0,0.20488770347916757,81.6551724137931,100.0,11,11,3.4851315115089263,0
1.0,0.20455400850630756,82.06896551724138,100.0,10,11,3.431128990121288,0
1.0,0.2027490881573703,82.51724137931035,100.0,10,11,3.6019351070745036,0
1.0,0.20151566369294693,82.75862068965517,100.0,10,11,3.5491751433662486,0
1.0,0.20055400446194727,83.24137931034483,100.0,10,11,3.5829328908449396,0
1.0,0.19783042871620105,83.6551724137931,100.0,10,11,3.590614242864279,0
1.0,0.1958605155404449,84.03448275862068,100.0,10,11,3.5242178883078528,0
1.0,0.19376037567440246,84.06896551724138,100.0,10,11,3.5302929999500683,0
1.0,0.190953020777654,84.24137931034483,100.0,10,11,3.6190331413865393,0
1.0,0.18696092628036617,84.55172413793103,100.0,10,11,3.562349336143719,0
1.0,0.18460606703722773,84.82758620689656,100.0,10,11,3.5265561805928995,0
1.0,0.1829532425228879,84.6551724137931,100.0,10,11,3.6015328180656856,0
1.0,0.17903186730097967,84.72413793103448,100.0,10,11,3.500534719036715,0
1.0,0.17708683104027945,84.93103448275862,100.0,10,10,3.400858548470247,0
1.0,0.17520004024050795,84.86206896551724,100.0,10,10,3.5262379858210013,0
1.0,0.17406651537383272,84.82758620689656,100.0,10,10,3.5383604013775147,0
1.0,0.17296612570674047,84.6896551724138,100.0,10,10,3.5768762493117836,0
1.0,0.17207206254908297,84.72413793103448,100.0,10,10,3.4956321182564274,0
1.0,0.1722025558094902,84.6896551724138,100.0,10,10,3.5682140735273564,0
1.0,0.17243846829574058,84.89655172413794,100.0,10,10,3.5283009063954887,0
1.0,0.173061226343518,84.62068965517241,100.0,10,10,3.475588891648285,0
1.0,0.17406701775738165,84.6551724137931,100.0,10,10,3.4932303924107937,0
1.0,0.17443122093824903,84.48275862068965,100.0,10,10,3.488445501302058,0
1.0,0.1749466556469687,84.62068965517241,100.0,10,10,3.572736700818328,0
1.0,0.1759692060927562,84.44827586206897,100.0,10,10,3.5131106347703813,0
1.0,0.17661353018595843,84.48275862068965,100.0,10,10,3.5529677770737997,0
1.0,0.17726112455293871,84.41379310344827,100.0,10,10,3.5249639442662253,0
1.0,0.17755789523260396,84.41379310344827,100.0,10,10,3.504819894398291,0
1.0,0.17788529420697954,84.37931034482759,100.0,10,10,3.549690825003038,0
1.0,0.17835332998453712,84.48275862068965,100.0,10,10,3.4728812652993017,0
1.0,0.17825516903498187,84.6896551724138,100.0,10,10,3.49360383142037,0
1.0,0.17806279506051786,84.6896551724138,100.0,10,10,3.468444498990591,0
1.0,0.17852736294002092,84.6551724137931,100.0,10,10,3.570406996984854,0
1.0,0.17882858407997573,84.75862068965517,100.0,10,10,3.563700739567229,0
1.0,0.17865058705622527,84.86206896551724,100.0,10,10,3.529603009779918,0
1.0,0.17839642980918616,84.75862068965517,100.0,10,10,3.55163510677108,0
1.0,0.17778185993694381,84.72413793103448,100.0,10,10,3.5552567390056065,0
1.0,0.17820361749391822,84.89655172413794,100.0,10,10,3.477708834260056,0
1.0,0.17771730415414552,84.86206896551724,100.0,10,10,3.5516369114886546,0
1.0,0.17790007768460492,84.6551724137931,100.0,10,10,3.4971952222612215,0
1.0,0.17709974880909493,84.75862068965517,98.0,10,10,3.5541831950720844,0
1.0,0.17605216552406788,84.86206896551724,97.0,10,10,3.494949999051862,0
1.0,0.17535763642345228,85.03448275862068,96.0,10,10,3.376109205715066,0
1.0,0.17483281901497558,85.03448275862068,95.0,10,10,3.553060355218378,0
1.0,0.1740313187122009,85.0,94.0,9,10,3.519314466774049,0
1.0,0.17330646563683086,84.82758620689656,93.0,9,10,3.501440293252452,0
1.0,0.17281658204016095,84.86206896551724,92.0,9,10,3.4805017912948615,0
1.0,0.17195812313127903,84.6896551724138,91.0,9,10,3.531263411685744,0
1.0,0.1716292079893702,84.27586206896552,90.0,9,10,3.519261039162076,0
1.0,0.17085021471557493,84.17241379310344,89.0,9,10,3.4461280681414794,0
1.0,0.1705073274999041,84.13793103448276,88.0,9,10,3.468486281815331,0
1.0,0.16951755246504976,83.9655172413793,87.0,9,10,3.456337724909259,0
1.0,0.16814631262948396,83.79310344827586,86.0,8,10,3.4377066271234638,0
1.0,0.16497271113434273,83.34482758620689,84.0,8,10,3.3732175583783905,0
1.0,0.16395383764032043,83.17241379310344,83.0,8,10,3.397202042412198,0
1.0,0.1620764299738796,82.72413793103448,82.0,8,10,3.4491838820074565,0
1.0,0.16103153864917116,82.51724137931035,81.0,8,9,3.4306003254693125,0
1.0,0.15924588829098119,81.9655172413793,80.0,8,9,3.412705627238966,0
1.0,0.15709661858575927,81.51724137931035,79.0,8,9,3.3583716853179615,0
1.0,0.15574607433436954,81.06896551724138,78.0,7,9,3.382816632713563,0
1.0,0.1538794244877222,80.58620689655173,77.0,7,9,3.279023533476164,0
1.0,0.15234933614895946,80.06896551724138,76.0,7,9,3.325292208151977,0
1.0,0.1509310893858686,79.58620689655173,75.0,7,9,3.256025309690086,0
1.0,0.1496274104337159,79.10344827586206,74.0,7,9,3.243986563918453,0
1.0,0.14794023330801087,78.41379310344827,73.0,7,8,3.185893913854184,0
1.0,0.1466924369571583,77.6896551724138,72.0,7,8,3.177950861092652,0
1.0,0.14522496346191052,77.24137931034483,71.0,7,8,3.0610101565667587,0
1.0,0.14201014156997643,75.82758620689656,69.0,7,8,3.122110334208765,0
1.0,0.14023124629061912,75.20689655172414,68.0,7,8,3.0213348668028877,0
1.0,0.13867687854793015,74.37931034482759,67.0,6,8,3.0659941106552226,0
1.0,0.13696627904825118,73.6551724137931,66.0,6,8,3.0165892396706897,0
1.0,0.13550939328169745,72.86206896551724,65.0,6,8,3.028476970818598,0
1.0,0.13354735212005,72.13793103448276,64.0,6,7,2.9832633895210194,0
1.0,0.13185803462574416,71.3103448275862,63.0,6,7,2.958997972062729,0
1.0,0.12997731447858776,70.48275862068965,62.0,6,7,2.915012840875891,0
1.0,0.12853895772511664,69.86206896551724,61.0,6,7,2.8317259196290325,0
1.0,0.12594098149806907,69.03448275862068,60.0,6,7,2.839826560119865,0
1.0,0.12436319487899535,68.3103448275862,59.0,6,7,2.7496297732898536,0
1.0,0.12236886193510536,67.44827586206897,58.0,5,7,2.7753740108796454,0
1.0,0.12025232071273062,66.58620689655173,57.0,5,7,2.702427608951352,0
1.0,0.11844907249303505,65.75862068965517,56.0,5,7,2.628951464338019,0
1.0,0.11625048155550573,64.82758620689656,55.0,5,7,2.5871728044614932,0
1.0,0.114768288202478,63.93103448275862,54.0,5,6,2.627661527804485,0
1.0,0.1127430509072164,63.10344827586207,53.0,5,6,2.5152480649036555,0
1.0,0.10920201190307338,61.44827586206897,51.0,5,6,2.4502895939045652,0
1.0,0.10773791058649956,60.55172413793103,50.0,5,6,2.4512999473060337,0
1.0,0.10594198877733825,59.55172413793103,49.0,5,6,2.399717524199294,0
1.0,0.10372626052268631,58.689655172413794,48.0,4,6,2.361200517682111,0
1.0,0.10210872295133225,57.82758620689655,47.0,4,6,2.370456340582763,0
1.0,0.10012709310307422,56.89655172413793,46.0,4,6,2.3219588638645683,0
1.0,0.09837961702874996,55.86206896551724,45.0,4,6,2.287544318722829,0
1.0,0.09663216611367943,54.96551724137931,44.0,4,5,2.2403171434240834,0
1.0,0.09411885173155601,54.275862068965516,43.0,4,5,2.1811546136702535,0
1.0,0.09235416962527111,53.37931034482759,42.0,4,5,2.17392029200189,0
1.0,0.09028234075516847,52.48275862068965,41.0,4,5,2.1047483462404064,0
1.0,0.0882694505496914,51.51724137931034,40.0,4,5,2.059753960452869,0
1.0,0.08598728728691615,50.51724137931034,39.0,4,5,2.0482281066044377,0
1.0,0.08437481817834833,49.51724137931034,38.0,3,5,1.9838888214848507,0
1.0,0.08257223868364308,48.62068965517241,37.0,3,5,1.9681038933072603,0
1.0,0.08079879347768733,47.793103448275865,36.0,3,5,1.8843815299131386,0
1.0,0.07907635156483374,46.793103448275865,35.0,3,4,1.898590485462597,0
1.0,0.07750468368205392,45.93103448275862,34.0,3,4,1.8071257467156683,0
1.0,0.07469912010278644,44.172413793103445,32.0,3,4,1.7396413251627632,0
1.0,0.07306714880447804,43.275862068965516,31.0,3,4,1.75458760664873,0
1.0,0.07161709497687362,42.37931034482759,30.0,3,4,1.7017389180984541,0
1.0,0.06992659262535408,41.41379310344828,29.0,2,4,1.6780855742311156,0
1.0,0.06849038909321033,40.51724137931034,28.0,2,4,1.6371205295835398,0
1.0,0.06750075314135627,39.58620689655172,27.0,2,4,1.5556390405628153,0
1.0,0.06692074992877209,38.55172413793103,26.0,2,4,1.522190925283137,0
1.0,0.0662521967832784,37.62068965517241,25.0,2,4,1.4700463733720208,0
1.0,0.06558139087223629,36.6551724137931,24.0,2,3,1.4478304943973657,0
1.0,0.06497240965949924,35.724137931034484,23.0,2,3,1.4101928441821898,0
1.0,0.06428629011814421,34.689655172413794,22.0,2,3,1.3358234789467693,0
1.0,0.06392191776752712,33.793103448275865,21.0,2,3,1.32754513468996,0
1.0,0.06325257971450374,32.89655172413793,20.0,2,3,1.2786734315290125,0
1.0,0.06295215387324181,31.96551724137931,19.0,2,3,1.2016718655523084,0
1.0,0.062319664783355724,31.0,18.0,2,3,1.1931137055551984,0
1.0,0.06198893253689901,30.103448275862068,17.0,1,3,1.1416757007361675,0
1.0,0.061630330824409496,29.137931034482758,16.0,1,2,1.1114229804848526,0
1.0,0.061442543302820264,28.17241379310345,14.0,1,2,1.0842642138744998,0
1.0,0.06126176546619261,26.20689655172414,13.0,1,2,1.001463414531872,0
1.0,0.06027871278442558,25.275862068965516,12.0,1,2,0.9879682240630476,0
1.0,0.05939001336482022,24.344827586206897,11.0,1,2,0.9416146148082075,0
1.0,0.05866610508039963,23.413793103448274,10.0,1,2,0.9250084695826498,0
1.0,0.05804864999799806,22.482758620689655,9.0,1,2,0.8882383901438989,0
1.0,0.05738366750511116,21.517241379310345,8.0,1,2,0.8457473690153813,0
1.0,0.056860282703447444,20.517241379310345,7.0,1,2,0.8020425637964551,0
1.0,0.05637887306786541,19.620689655172413,6.0,1,2,0.7611187995965756,0
1.0,0.055958354064558444,18.655172413793103,5.0,1,2,0.7364380494212373,0
1.0,0.055562547476937355,17.75862068965517,4.0,1,2,0.678250107140034,0
1.0,0.05540313755706262,16.75862068965517,3.0,1,1,0.6484133446320867,0
1.0,0.055319981484546976,15.793103448275861,2.0,1,1,0.61109977831248,0
1.0,0.05524973701786215,14.827586206896552,1.0,1,1,0.5657485860559213,0
1.0,0.05510645225278648,13.89655172413793,1.0,1,1,0.5348566716302261,0
1.0,0.05506366669760043,12.96551724137931,1.0,1,1,0.4797934413740767,0
1.0,0.05484974453717778,12.068965517241379,1.0,1,1,0.4430156317839527,0
1.0,0.05475238011528705,11.310344827586206,1.0,1,1,0.4343263204772916,0
1.0,0.05431240923821506,10.482758620689655,1.0,1,1,0.38615345967922543,0
1.0,0.05384467828919261,9.724137931034482,1.0,1,1,0.37579445586627336,0
1.0,0.05351720622277271,8.241379310344827,1.0,1,1,0.3401932591371396,0
1.0,0.05336508683928133,7.517241379310344,1.0,1,1,0.3147556790104853,0
1.0,0.0531782759197137,6.931034482758621,1.0,1,1,0.29284111310806377,0
1.0,0.05302295219958682,6.310344827586206,1.0,1,1,0.2674407349883151,0
1.0,0.052716708907962165,5.758620689655173,1.0,1,1,0.21461521665178251,0
1.0,0.052601450365283846,5.172413793103448,1.0,1,1,0.20979940324264396,0
1.0,0.052635654403147214,4.758620689655173,1.0,1,1,0.18451512482942914,0
1.0,0.05257624044797996,4.310344827586206,1.0,1,1,0.1742921964490325,0
1.0,0.052480877076170655,3.8275862068965516,1.0,1,1,0.15294730355001193,0
1.0,0.05245653854314393,3.3793103448275863,1.0,1,1,0.13245049963641425,0
1.0,0.052433750961390996,2.9655172413793105,1.0,1,1,0.12238662058454815,0
1.0,0.05246539198394713,2.6206896551724137,1.0,1,1,0.10387778345784072,0
1.0,0.05241060641102551,2.310344827586207,1.0,1,1,0.09391081624021444,0
1.0,0.05244880425810967,2.0689655172413794,1.0,1,1,0.08488631760793988,0
1.0,0.05244700166732817,1.8275862068965516,1.0,1,1,0.06831133775343246,0
1.0,0.052541742886149274,1.6206896551724137,1.0,1,1,0.06201876312172824,0
1.0,0.05244709819443219,1.4482758620689655,1.0,1,1,0.047497973086500916,0
1.0,0.05215366485464861,1.1379310344827587,1.0,1,1,0.04643158438110683,0
1.0,0.05216092636950774,1.0344827586206897,1.0,1,1,0.04580390842710498,0
1.0,0.05207775458390644,0.9655172413793103,1.0,1,1,0.04095536548295812,0
1.0,0.052215344018209146,0.9310344827586207,1.0,1,1,0.03936801620289374,0
1.0,0.052414459726840175,0.9310344827586207,1.0,1,1,0.040075293350717106,0
1.0,0.05252707524572133,0.9310344827586207,1.0,1,1,0.041122910076818765,0
1.0,0.052561670801734704,0.9310344827586207,1.0,1,1,0.03984921210306314,0
1.0,0.05280986425369669,0.9655172413793103,1.0,1,1,0.039171929574453035,0
1.0,0.05302242937795599,0.9655172413793103,1.0,1,1,0.04031848843369243,0
1.0,0.05326479602979259,0.9655172413793103,1.0,1,1,0.04031848843369243,0
1.0,0.05326118463324401,0.9655172413793103,1.0,1,1,0.040625662740632666,0
1.0,0.0536092758991597,0.9655172413793103,1.0,1,1,0.040529641070903184,0
1.0,0.05393209838045699,0.9655172413793103,1.0,1,1,0.03807998188264712,0
1.0,0.054252204931074105,0.9655172413793103,1.0,1,1,0.040543532612692175,0
1.0,0.05454627849131889,0.9655172413793103,1.0,1,1,0.04002151215752224,0
1.0,0.0548133951934636,0.9655172413793103,1.0,1,1,0.038080250426864,0
1.0,0.05510800273467404,0.9655172413793103,1.0,1,1,0.036582782926829316,0
1.0,0.05486768141571406,0.9310344827586207,1.0,1,1,0.03974021298935059,0
1.0,0.0534075111306913,0.9310344827586207,1.0,1,1,0.03959457707680676,0
1.0,0.05167197917987762,0.9310344827586207,1.0,1,1,0.040101433336999184,0
1.0,0.05142791188094027,0.9310344827586207,1.0,1,1,0.040186531871144654,0
1.0,0.051170085780636566,0.9310344827586207,1.0,1,1,0.03757309355367647,0
1.0,0.050901124249741345,0.9310344827586207,1.0,1,1,0.04117473722363175,0
1.0,0.05128837337872124,0.9310344827586207,1.0,1,1,0.0402195622435021,0
1.0,0.05158157407930214,0.9310344827586207,1.0,1,1,0.03953135170318953,0
1.0,0.05184484922201703,0.9310344827586207,1.0,1,1,0.03862173069761837,0
1.0,0.0515737817864283,0.9655172413793103,1.0,1,1,0.03832818209007925,0
1.0,0.051803346577184085,0.9655172413793103,1.0,1,1,0.039507236960837376,0
1.0,0.052114551212015976,0.9655172413793103,1.0,1,1,0.038572657708783376,0
1.0,0.05229396329013979,0.9655172413793103,1.0,1,1,0.03875621435110211,0
1.0,0.05252947594913244,0.9655172413793103,1.0,1,1,0.038279063539845455,0
1.0,0.05271696773681406,0.9655172413793103,1.0,1,1,0.04045021938429708,0
1.0,0.05295448980372645,0.9655172413793103,1.0,1,1,0.038585104137348725,0
1.0,0.053003491518081446,0.9655172413793103,1.0,1,1,0.03775112849633208,0
1.0,0.053051465182083625,0.9310344827586207,1.0,1,1,0.04003875886900345,0
1.0,0.05317315410736358,0.9310344827586204,1.0,1,1,0.0386827755800278,0
1.0,0.05318671182171134,0.9310344827586207,1.0,1,1,0.0370852271998549,0
1.0,0.053314567625290826,0.9310344827586204,1.0,1,1,0.03957392948426178,0
1.0,0.053349082696643436,0.9310344827586207,1.0,1,1,0.038040831623191974,0
1.0,0.0533744126430195,0.9310344827586207,1.0,1,1,0.039548316304504186,0
1.0,0.053412098892944675,0.9310344827586207,1.0,1,1,0.04008776942886375,0
1.0,0.05345309366059934,0.9310344827586207,1.0,1,1,0.039907144069234714,0
1.0,0.05352223428560267,0.9310344827586207,1.0,1,1,0.04011248764647747,0
1.0,0.053638650178592276,0.9310344827586207,1.0,1,1,0.037889690978272446,0
1.0,0.0535399962500378,0.9655172413793103,1.0,1,1,0.036228258752806795,0
1.0,0.05355174698213107,0.9655172413793103,1.0,1,1,0.03963870128932057,0
1.0,0.05361325842854318,0.9655172413793103,1.0,1,1,0.03873635964769696,0
1.0,0.053652915857128385,0.9655172413793103,1.0,1,1,0.03982294875385042,0
1.0,0.05371427664288474,0.9655172413793103,1.0,1,1,0.03757632243628186,0
1.0,0.053736858071585764,0.9655172413793103,1.0,1,1,0.03887981948047336,0
1.0,0.05374395369653939,0.9655172413793103,1.0,1,1,0.03936459495447504,0
1.0,0.05382176867291988,0.9310344827586207,1.0,1,1,0.03744916210647532,0
1.0,0.054149304727483964,0.9310344827586207,1.0,1,1,0.03819117531186638,0
1.0,0.054239979091190355,0.9310344827586207,1.0,1,1,0.03986585010207065,0
1.0,0.05422913812526531,0.9310344827586207,1.0,1,1,0.03981456188274849,0
1.0,0.05422752662538447,0.9310344827586207,1.0,1,1,0.04105188728656733,0
1.0,0.054295158928912964,0.9310344827586207,1.0,1,1,0.04098840741646,0
1.0,0.05438248330392525,0.9310344827586207,1.0,1,1,0.0397139284473775,0
1.0,0.05443467376816053,0.9310344827586207,1.0,1,1,0.040527714558402476,0
1.0,0.054638451821639525,0.9310344827586207,1.0,1,1,0.04092782329150687,0
1.0,0.05472892316083743,0.9310344827586207,1.0,1,1,0.039130089325794974,0
1.0,0.054733429571699944,0.9655172413793103,1.0,1,1,0.04011622504537199,0
1.0,0.054809399357509385,0.9655172413793103,1.0,1,1,0.04131962058302348,0
1.0,0.054791681839690555,0.9655172413793103,1.0,1,1,0.038460439831124064,0
1.0,0.054786430375445755,0.9655172413793103,1.0,1,1,0.03995910242490048,0
1.0,0.05478625050039097,0.9655172413793103,1.0,1,1,0.040412399017758636,0
1.0,0.054788733553842964,0.9655172413793103,1.0,1,1,0.03890427209546697,0
1.0,0.05477765894660739,0.9655172413793103,1.0,1,1,0.03924536045681651,0
1.0,0.054805303109275304,0.9310344827586207,1.0,1,1,0.037548483811130615,0
1.0,0.05497933380009438,0.9310344827586207,1.0,1,1,0.040507602812856675,0
1.0,0.05501659609104867,0.9310344827586207,1.0,1,1,0.03817095175022876,0
1.0,0.05498983543657232,0.9310344827586207,1.0,1,1,0.0391302477491787,0
1.0,0.0548872232323317,0.9310344827586207,1.0,1,1,0.040000456893824886,0
1.0,0.054909800250113355,0.9310344827586207,1.0,1,1,0.03963307772743107,0
1.0,0.05490758712507418,0.9310344827586207,1.0,1,1,0.03854566097986047,0
1.0,0.0548953262499968,0.9310344827586207,1.0,1,1,0.03900386058594312,0
1.0,0.05496722162492266,0.9310344827586207,1.0,1,1,0.03711202888878196,0
1.0,0.0550023579284503,0.9310344827586207,1.0,1,1,0.04008615764415444,0
1.0,0.05494620053559629,0.9655172413793103,1.0,1,1,0.03709121276837374,0
1.0,0.05495389103569843,0.9655172413793103,1.0,1,1,0.03973567608861723,0
1.0,0.05507598885703503,0.9655172413793103,1.0,1,1,0.040353672964543105,0
1.0,0.05513867917839629,0.9655172413793103,1.0,1,1,0.0386835452153292,0
1.0,0.05510024471420496,0.9655172413793103,1.0,1,1,0.03912170711656007,0
1.0,0.05510169641066958,0.9655172413793103,1.0,1,1,0.0387570080342421,0
1.0,0.055114061410547165,0.9655172413793103,1.0,1,1,0.03801112264541394,0
1.0,0.05513270214279536,0.9655172413793103,1.0,1,1,0.04011072860843958,0
1.0,0.05518932390907801,0.9310344827586207,1.0,1,1,0.03950866255889811,0
1.0,0.055215339927103334,0.9310344827586207,1.0,1,1,0.03801566703856071,0
1.0,0.0553109169270928,0.9310344827586207,1.0,1,1,0.039316793957745094,0
1.0,0.055265403589146445,0.9310344827586207,1.0,1,1,0.03859623287671227,0
1.0,0.05524482019622415,0.9310344827586207,1.0,1,1,0.03938491905400011,0
1.0,0.055193520517605066,0.9310344827586207,1.0,1,1,0.03987356750525524,0
1.0,0.05515591937468603,0.9310344827586207,1.0,1,1,0.03944592747157865,0
1.0,0.0550450560176614,0.9310344827586207,1.0,1,1,0.03991422319474836,0
1.0,0.05507442512472542,0.9310344827586207,1.0,1,1,0.04051800535016119,0
1.0,0.055108961624682706,0.9655172413793103,1.0,1,1,0.040263548328156366,0
1.0,0.055138886285411505,0.9655172413793103,1.0,1,1,0.039979125805547834,0
1.0,0.05528833062479472,0.9655172413793103,1.0,1,1,0.038210974827069796,0
1.0,0.05521064298188451,0.9655172413793103,1.0,1,1,0.04029800155356261,0
1.0,0.055124960231816136,0.9655172413793103,1.0,1,1,0.03753271764705885,0
1.0,0.05513536216039938,0.9655172413793103,1.0,1,1,0.03979746835443048,0
1.0,0.05514084641046273,0.9655172413793103,1.0,1,1,0.04001922311117555,0
1.0,0.055135063856791275,0.9655172413793103,1.0,1,1,0.03823610733771918,0
1.0,0.055158764308725954,0.9310344827586207,1.0,1,1,0.039344012149262315,0
1.0,0.055168876563204156,0.9310344827586207,1.0,1,1,0.03739284058378594,0
1.0,0.05521167407238285,0.9310344827586207,1.0,1,1,0.03927638400128303,0
1.0,0.05519219251748707,0.9310344827586207,1.0,1,1,0.03905376226428863,0
1.0,0.05500865341036842,0.9310344827586207,1.0,1,1,0.03943872095414349,0
1.0,0.05497086119612504,0.9310344827586207,1.0,1,1,0.03992162680464586,0
1.0,0.05490840391043353,0.9310344827586207,1.0,1,1,0.04040169382504296,0
1.0,0.054931595163361636,0.896551724137931,0.0,1,1,0.04040169382504296,0
1.0,0.05500988498150202,0.896551724137931,1.0,1,1,0.039286723213968665,0
1.0,0.054843892877040175,0.9655172413793103,3.0,1,1,0.037662505417121836,0
1.0,0.0544216284096827,1.1379310344827587,5.0,1,1,0.04271439114391145,0
1.0,0.05411533612112346,1.3103448275862069,6.0,1,1,0.05119268181339311,0
1.0,0.05350311179174443,1.5172413793103448,8.0,1,1,0.06047458845517939,0
1.0,0.05301297697515111,1.793103448275862,10.0,2,2,0.06986006294746301,0
1.0,0.053081378411297925,2.1379310344827585,11.0,2,2,0.06822310551639672,0
1.0,0.05278990087152682,2.5172413793103448,13.0,2,2,0.1322874947355586,0
1.0,0.052183522210901154,2.9655172413793105,15.0,3,3,0.1269120436546633,0
1.0,0.05252485189957106,3.4827586206896552,16.0,2,3,0.1635952958760903,0
1.0,0.05234776773823201,4.0344827586206895,20.0,3,3,0.2161435286054773,0
1.0,0.05229639533538101,5.310344827586206,21.0,4,4,0.21725321441692116,0
1.0,0.052111030663661774,6.068965517241379,23.0,4,4,0.24154585369732484,0
1.0,0.05204581514494509,6.862068965517241,25.0,4,4,0.27392323081367714,0
1.0,0.051955855158897946,7.689655172413793,26.0,3,4,0.3640126816092501,0
1.0,0.05216906201470532,8.551724137931034,28.0,4,4,0.40738939201734453,0
1.0,0.05271122940942678,9.448275862068966,30.0,4,4,0.44930005111457877,0
1.0,0.05360601692488003,10.448275862068966,31.0,4,4,0.4627264889718711,0
1.0,0.05361563325152914,11.482758620689655,33.0,4,4,0.4988396277422485,0
1.0,0.0536843203113602,12.551724137931034,35.0,4,4,0.5568653123237656,0
1.0,0.054745385234913416,13.724137931034482,36.0,5,5,0.6115174477997513,0
1.0,0.0550710638399087,14.96551724137931,38.0,5,5,0.648201228984868,0
1.0,0.05525452442779932,16.20689655172414,40.0,5,4,0.6900640527854056,0
1.0,0.056068281522455625,17.517241379310345,41.0,5,5,0.820980391397158,0
1.0,0.056515675139190806,18.862068965517242,43.0,5,5,0.799212199012906,0
1.0,0.05690578298873515,20.310344827586206,45.0,5,5,0.9202042461912351,0
1.0,0.05698484264258613,21.79310344827586,46.0,6,5,1.0202552793830941,0
1.0,0.058661711291198626,23.241379310344826,48.0,6,5,1.0353630123977153,0
1.0,0.06028517098244335,26.241379310344826,51.0,6,6,1.083489260463757,0
1.0,0.0624221747152904,27.79310344827586,53.0,6,6,1.2136358348505514,0
1.0,0.06438798233945991,29.344827586206897,55.0,7,7,1.2653248657007883,0
1.0,0.066924092825626,30.862068965517242,56.0,7,7,1.4113191337394728,0
1.0,0.06771070614021364,32.37931034482759,58.0,7,7,1.4998891155176628,0
1.0,0.06864441109192612,33.86206896551724,60.0,7,7,1.5537777557904657,0
1.0,0.07108139514499884,35.275862068965516,61.0,8,8,1.5947296148795622,0
1.0,0.07320147894375052,36.793103448275865,63.0,8,8,1.6525418323338426,0
1.0,0.07438381685759396,38.3448275862069,65.0,8,8,1.709480101257595,0
1.0,0.07551906628233504,39.793103448275865,66.0,8,8,1.8083481929037017,0
1.0,0.07664648659407604,41.172413793103445,68.0,8,8,1.8307790817833505,0
1.0,0.07887206093404366,42.689655172413794,70.0,8,8,1.9035881267343306,0
1.0,0.07962342579403982,43.93103448275862,71.0,8,8,2.016296470147707,0
1.0,0.08255728540197609,45.275862068965516,73.0,9,9,1.9802834739929327,0
1.0,0.08633418353232611,48.241379310344826,76.0,9,9,2.0543753606458317,0
1.0,0.08858757003272298,49.793103448275865,78.0,9,9,2.1491482195025675,0
1.0,0.09021606785553571,51.03448275862069,80.0,9,9,2.214216508237864,0
1.0,0.09261936900121515,52.48275862068965,81.0,9,9,2.3488508101800036,0
1.0,0.093368206358875,53.96551724137931,83.0,10,10,2.3489867692688984,0
1.0,0.09617327866196965,55.172413793103445,85.0,10,10,2.4468320323120927,0
1.0,0.0975754885947265,56.44827586206897,86.0,10,10,2.5210605573307157,0
1.0,0.09918487273162561,57.86206896551724,88.0,10,10,2.589995979017011,0
1.0,0.10079026896373758,59.241379310344826,90.0,10,10,2.6419470302474366,0
1.0,0.1025685715750537,60.44827586206897,91.0,11,11,2.666524657964986,0
1.0,0.10450608255058512,61.58620689655172,93.0,11,11,2.697548208130256,0
1.0,0.10682416066579668,62.96551724137931,95.0,11,11,2.8234204448722027,0
1.0,0.10855555266189615,64.34482758620689,97.0,11,11,2.787384981728574,0
1.0,0.11014919345217154,65.86206896551724,99.0,11,11,2.8842274718610192,0
1.0,0.11320597581093403,68.48275862068965,100.0,11,11,2.8681442326439317,0
1.0,0.11476865420291041,69.72413793103448,100.0,11,11,3.0708352102303675,0
1.0,0.11658026648907507,70.86206896551724,100.0,11,11,3.116001616195395,0
1.0,0.11784817498491741,72.06896551724138,100.0,11,11,3.157243516977024,0
1.0,0.11903346340229123,73.0,100.0,11,11,3.1967662272492485,0
1.0,0.12054804177824215,74.06896551724138,100.0,11,11,3.207541167514019,0
1.0,0.12193128392244068,75.13793103448276,100.0,11,11,3.1952837232844633,0
1.0,0.12331485879254327,76.10344827586206,100.0,10,11,3.251439616432668,0
1.0,0.12437484749665913,76.9655172413793,100.0,10,11,3.3178313603705667,0
1.0,0.12586448898936758,77.86206896551724,100.0,10,11,3.2297613986514797,0
1.0,0.128580677210906,79.55172413793103,100.0,10,11,3.335475488666,0
1.0,0.1303229440319343,80.34482758620689,100.0,10,11,3.4732818749317937,0
1.0,0.13140589543239856,80.82758620689656,100.0,10,11,3.4908766081819618,0
1.0,0.13274106259818663,81.37931034482759,100.0,10,11,3.509245505070207,0
1.0,0.13372162598365359,81.89655172413794,100.0,10,11,3.460709031738122,0
1.0,0.13497089459016437,82.62068965517241,100.0,10,11,3.562817504563761,0
1.0,0.13621275518550952,83.10344827586206,100.0,10,11,3.535570342865239,0
1.0,0.1374882110000473,83.48275862068965,100.0,10,11,3.508138852450713,0
1.0,0.13809874861634802,84.0,100.0,10,11,3.5768975602514286,0
1.0,0.13965885158834107,84.41379310344827,100.0,10,10,3.585678389617061,0
1.0,0.14180584009873792,85.13793103448276,100.0,10,10,3.5445745430955453,0
1.0,0.14291363119818262,85.41379310344827,100.0,10,10,3.6480888908459583,0
1.0,0.1438250026340345,85.6896551724138,100.0,10,10,3.594317391681436,0
1.0,0.14499950220464047,85.86206896551724,100.0,10,10,3.617787923855887,0
1.0,0.14622931663254846,85.93103448275862,100.0,10,10,3.6413802361118353,0
1.0,0.1473634505649111,85.6551724137931,100.0,10,10,3.570462495253285,0
1.0,0.14909527329560546,85.82758620689656,100.0,10,10,3.6075946070585103,0
1.0,0.150071312745452,85.55172413793103,100.0,10,10,3.5701724179321928,0
1.0,0.15137009711338265,85.51724137931035,100.0,10,10,3.602768319017944,0
1.0,0.15199656755132646,85.75862068965517,100.0,10,10,3.478167831130853,0
1.0,0.1526085588950638,85.72413793103448,100.0,10,10,3.5537598199322207,0
1.0,0.15444127956091885,85.86206896551724,100.0,10,10,3.571361802787449,0
1.0,0.15503209140760205,85.82758620689656,100.0,10,10,3.5739080949784796,0
1.0,0.15532767020797106,85.82758620689656,100.0,10,10,3.5501009036687803,0
1.0,0.15610763301325734,85.58620689655173,100.0,10,10,3.563745793657373,0
1.0,0.1573548601066308,85.75862068965517,100.0,10,10,3.543887941763621,0
1.0,0.15781583974860453,85.87200276004832,100.0,10,10,3.604917739048117,0
1.0,0.15897842183255606,85.79310344827586,100.0,10,10,3.5033946427091185,0
1.0,0.15951528390251735,85.79310344827586,100.0,10,10,3.5006346499957366,0
1.0,0.16036597201607863,85.79310344827586,100.0,10,10,3.5479565613304223,0
1.0,0.16157769975350378,85.58620689655173,100.0,10,10,3.577141725272177,0
1.0,0.1623627969992047,85.55172413793103,100.0,10,10,3.593153175802724,0
1.0,0.1629768321624864,85.6551724137931,100.0,10,10,3.537670329199503,0
1.0,0.16477213746398578,85.27586206896552,100.0,10,10,3.5252379181004545,0
1.0,0.16675310133696186,85.10344827586206,100.0,10,10,3.431534844543587,0
1.0,0.16620254539370774,84.82142857142857,100.0,10,10,3.4816691222303007,0
1.0,0.1672783519231793,84.86206896551724,100.0,10,10,3.5026406350339427,0
1.0,0.1683385079344866,85.03448275862068,100.0,10,10,3.5232636932465873,0
1.0,0.16795717004756858,85.17241379310344,100.0,10,10,3.53308966213293,0
1.0,0.1684259015084119,84.75862068965517,100.0,10,10,3.5317862087499705,0
1.0,0.16836466894649546,85.03448275862068,100.0,10,10,3.4559146118767616,0
1.0,0.16831021634212315,85.13793103448276,100.0,10,10,3.4873431374481214,0
1.0,0.16864484592929357,84.72413793103448,100.0,10,10,3.4368523527506993,0
1.0,0.16889319183566287,85.10344827586206,100.0,10,10,3.4797985082768568,0
1.0,0.16887342939375824,85.03448275862068,98.0,10,10,3.4094806573838095,0
1.0,0.16804625410482799,85.03448275862068,97.0,10,10,3.4769626113502574,0
1.0,0.16724435673167137,85.13793103448276,96.0,10,10,3.466870198889311,0
1.0,0.1664040186762583,85.34482758620689,95.0,9,10,3.534158094553344,0
1.0,0.16545677534187428,85.03448275862068,94.0,9,10,3.5485015637773323,0
1.0,0.16444135821930989,85.06896551724138,93.0,9,10,3.492155872078805,0
1.0,0.1636166891023743,85.13793103448276,92.0,9,10,3.5174173837246707,0
1.0,0.1624302391249461,85.0,91.0,9,10,3.5415094181211133,0
1.0,0.1612760250469862,84.79310344827586,90.0,9,10,3.4857816532606654,0
1.0,0.15973062362144874,84.6551724137931,89.0,9,10,3.4888585039182156,0
1.0,0.15866003331326703,84.48275862068965,88.0,9,10,3.4239647772681208,0
1.0,0.15713483794052557,84.27586206896552,87.0,8,10,3.4434689608885765,0
1.0,0.15580654573699276,84.24137931034483,86.0,8,10,3.4356322196019597,0
1.0,0.15422626149740748,84.27586206896552,85.0,8,10,3.402357569726125,0
1.0,0.15159058526403255,83.72413793103448,83.0,8,10,3.4324205404903014,0
1.0,0.15008313920132602,83.93103448275862,82.0,8,10,3.352258918292392,0
1.0,0.148687809828291,83.72413793103448,81.0,8,9,3.3797477006679335,0
1.0,0.14768225171891217,83.37931034482759,80.0,8,9,3.4364480454000232,0
1.0,0.14581604697709,82.93103448275862,79.0,7,9,3.3883032909396196,0
1.0,0.14455671400392478,82.34482758620689,78.0,7,9,3.3891208040442296,0
1.0,0.14313970064736525,81.86206896551724,77.0,7,9,3.3650863088879053,0
1.0,0.1417440724204627,81.24137931034483,76.0,7,9,3.371601262770192,0
1.0,0.1404284978274043,81.06896551724138,75.0,7,9,3.3201387385381107,0
1.0,0.13915091180087685,80.27586206896552,74.0,7,8,3.264200901804035,0
1.0,0.13804388556911668,79.6896551724138,73.0,7,8,3.269904100560147,0
1.0,0.13640886481822545,79.41379310344827,72.0,7,8,3.1909087354646717,0
1.0,0.13428311851059835,78.72413793103448,71.0,7,8,3.2178520337191463,0
1.0,0.13285790283445145,78.0,70.0,7,8,3.1037264311384107,0
1.0,0.1296917517682648,76.44827586206897,68.0,6,8,3.0734904545680224,0
1.0,0.1284351743823872,75.51724137931035,67.0,6,8,3.108947662082654,0
1.0,0.12718037400300153,74.62068965517241,66.0,6,7,3.078383983423533,0
1.0,0.1256058243861024,74.06896551724138,65.0,6,7,2.998593013601433,0
1.0,0.12402526441021701,73.03448275862068,64.0,6,7,2.9799554210576766,0
1.0,0.12283245647635305,72.34482758620689,63.0,6,7,2.919353621340319,0
1.0,0.1214158549816852,71.48275862068965,62.0,6,7,2.8814076054809656,0
1.0,0.1193387474454737,70.72413793103448,61.0,6,7,2.874778357252228,0
1.0,0.11809374789561448,69.75862068965517,60.0,6,7,2.815958128379243,0
1.0,0.11588239668691094,68.89655172413794,59.0,6,7,2.7902377796655267,0
1.0,0.11459417536547777,68.06896551724138,58.0,5,7,2.7150367048649144,0
1.0,0.11277337464750098,67.13793103448276,57.0,5,7,2.7193066238217733,0
1.0,0.11124009741102266,66.17241379310344,56.0,5,6,2.6393628403275087,0
1.0,0.10881361084616828,65.20689655172414,55.0,5,6,2.519209064261986,0
1.0,0.10658960340520288,64.24137931034483,54.0,5,6,2.5871098200785316,0
1.0,0.1046147604841634,63.137931034482754,53.0,5,6,2.5251893065150934,0
1.0,0.10117205419236697,62.3448275862069,51.0,5,6,2.5005924108763886,0
1.0,0.09629553213363519,60.758620689655174,50.0,5,6,2.3903816953057633,0
1.0,0.09435739422704638,60.03448275862069,49.0,5,6,2.396208208953145,0
1.0,0.09270956385196515,59.10344827586207,48.0,4,6,2.3612464815884002,0
1.0,0.0898866288990158,58.241379310344826,47.0,4,6,2.365447818347771,0
1.0,0.0885508201230781,57.275862068965516,46.0,4,6,2.3095190364557494,0
1.0,0.08623335056168345,56.37931034482759,45.0,4,6,2.2807132352806936,0
1.0,0.08401282371104242,55.48275862068965,44.0,4,5,2.218261250249629,0
1.0,0.08216804761204553,54.51724137931034,43.0,4,5,2.198164463281317,0
1.0,0.080136066085038,53.37931034482759,42.0,4,5,2.1574345474283936,0
1.0,0.07741860378744723,52.48275862068965,41.0,4,5,2.091933889330387,0
1.0,0.07541089100860318,51.58620689655172,40.0,4,5,2.0264085400053164,0
1.0,0.07343310024880108,50.62068965517241,39.0,4,5,1.987164982413385,0
1.0,0.0719921315644873,49.793103448275865,38.0,3,5,2.0031431659632304,0
1.0,0.07090963918778881,48.793103448275865,37.0,3,5,1.9611550358696366,0
1.0,0.0698331122930374,47.724137931034484,36.0,3,5,1.874532856714869,0
1.0,0.0688727402736182,46.89655172413793,35.0,3,4,1.8555521230349454,0
1.0,0.06783251160377361,45.96551724137931,34.0,3,4,1.8231230824721605,0
1.0,0.06677578340761339,45.03448275862069,33.0,3,4,1.7335191363489548,0
1.0,0.06619677580707829,44.13793103448276,32.0,3,4,1.7262306055387278,0
1.0,0.0648019081220626,42.48275862068965,30.0,3,4,1.6682334021515446,0
1.0,0.06394818095581883,41.62068965517241,29.0,3,4,1.6045549646099442,0
1.0,0.06326296415865605,40.724137931034484,28.0,3,4,1.626836684583189,0
1.0,0.06288443055009105,39.793103448275865,27.0,2,4,1.5837513571550246,0
1.0,0.06256179574814144,38.86206896551724,26.0,2,4,1.531746350160449,0
1.0,0.06231419387808159,37.86206896551724,25.0,2,4,1.5045428764211197,0
1.0,0.061575452726821994,37.0,24.0,2,3,1.4444271918570937,0
1.0,0.061144393600869026,36.06896551724138,23.0,2,3,1.4167045439876385,0
1.0,0.06071996470027444,35.06896551724138,22.0,2,3,1.3630441259162434,0
1.0,0.06048570808976753,34.03448275862069,21.0,2,3,1.3219564703146567,0
1.0,0.06031307092380723,33.03448275862069,20.0,2,3,1.2883635431556013,0
1.0,0.06011485282865339,32.03448275862069,19.0,2,3,1.2676343638953165,0
1.0,0.05980416471575919,31.068965517241377,18.0,1,3,1.198909608010082,0
1.0,0.05948281801754312,30.103448275862068,17.0,1,3,1.1634896376453334,0
1.0,0.059315290221549695,29.17241379310345,16.0,1,3,1.105457123927149,0
1.0,0.058747057487134595,28.241379310344826,15.0,1,3,1.0734961058464683,0
1.0,0.0578098236471327,27.310344827586206,14.0,1,2,1.0549932100624098,0
1.0,0.05745961913423674,26.482758620689655,13.0,1,2,0.9832670775144868,0
1.0,0.057053327914360706,24.620689655172413,11.0,1,2,0.9658889603275798,0
1.0,0.05684909152353949,23.724137931034484,10.0,1,2,0.937661547498993,0
1.0,0.05643617058380907,22.75862068965517,9.0,1,2,0.8770122637249337,0
1.0,0.05581088077981541,21.896551724137932,8.0,1,2,0.8470996657594791,0
1.0,0.05534919914299095,21.06896551724138,7.0,1,2,0.8147193653267591,0
1.0,0.055205694928137,20.06896551724138,6.0,1,2,0.7769799199669337,0
1.0,0.05505174149786146,19.17241379310345,5.0,1,2,0.7332736415275648,0
1.0,0.05490207713005575,18.17241379310345,4.0,1,1,0.6831598456161494,0
1.0,0.05477847684833715,17.17241379310345,3.0,1,1,0.6530386658659258,0
1.0,0.054681893534099406,16.20689655172414,2.0,1,1,0.5950324666363662,0
1.0,0.05464713902359527,15.206896551724137,1.0,1,1,0.5717351154391734,0
1.0,0.05437191300706628,14.206896551724137,1.0,1,1,0.5304414343949723,0
1.0,0.0542225818413619,13.241379310344827,1.0,1,1,0.48991550910482085,0
1.0,0.054087425557322516,12.344827586206897,1.0,1,1,0.458240441619132,0
1.0,0.053991199729970095,11.517241379310345,1.0,1,1,0.41933085947353566,0
1.0,0.05392635931139757,10.758620689655173,1.0,1,1,0.4010992989897639,0
1.0,0.05392531130230323,10.0,1.0,1,1,0.36680044526313194,0
1.0,0.053909125357390605,9.206896551724137,1.0,1,1,0.3339421690616449,0
1.0,0.05385299162675071,7.793103448275862,1.0,1,1,0.31753602616324106,0
1.0,0.05380146735214385,7.172413793103448,1.0,1,1,0.28948324816539545,0
1.0,0.053807295336336616,6.586206896551724,1.0,1,1,0.26133701432088213,0
1.0,0.05337022293124732,6.0344827586206895,1.0,1,1,0.23713149955556537,0
1.0,0.053222651158653725,5.517241379310345,1.0,1,1,0.20545501863603888,0
1.0,0.05312216030935772,5.0,1.0,1,1,0.18674047144050504,0
1.0,0.052958145754921075,4.517241379310345,1.0,1,1,0.1690769496772408,0
1.0,0.05293411236263951,4.068965517241379,1.0,1,1,0.1577494129033497,0
1.0,0.05277514629512675,3.655172413793103,1.0,1,1,0.13977568472929025,0
1.0,0.05250700472329377,3.2413793103448274,1.0,1,1,0.11791114707030068,0
1.0,0.05252039145439498,2.8620689655172415,1.0,1,1,0.10826687968696475,0
1.0,0.052371014113870434,2.5172413793103448,1.0,1,1,0.09838226836998637,0
1.0,0.05230072493411247,2.1724137931034484,1.0,1,1,0.08076989690770746,0
1.0,0.05231956349843689,1.896551724137931,1.0,1,1,0.07344961072159889,0
1.0,0.052254757541080187,1.6551724137931034,1.0,1,1,0.0570511996146948,0
1.0,0.052108593655882,1.4482758620689655,1.0,1,1,0.06060974561089235,0
1.0,0.05182557536459063,1.2758620689655171,1.0,1,1,0.05407510523135455,0
1.0,0.051597596696775036,1.1379310344827587,1.0,1,1,0.056358864847693015,0
1.0,0.0511222457540749,0.9655172413793103,1.0,1,1,0.05158285775052316,0
1.0,0.051121604214248016,0.9310344827586207,1.0,1,1,0.04707770684330235,0
1.0,0.05112749859473163,0.9310344827586207,1.0,1,1,0.04737172966445915,0
1.0,0.051126801936218484,0.9655172413793103,1.0,1,1,0.04670192408058211,0
1.0,0.0511515374695785,0.9655172413793103,1.0,1,1,0.048574038893301974,0
1.0,0.05116514280349382,0.9655172413793103,1.0,1,1,0.04855511955405536,0
1.0,0.0512026945287705,0.9655172413793103,1.0,1,1,0.048602388611319804,0
1.0,0.05132433476230871,0.9655172413793103,1.0,1,1,0.048505139744944664,0
1.0,0.051254066990426235,0.9655172413793103,1.0,1,1,0.0447747166020942,0
1.0,0.05141129103361202,0.9655172413793103,1.0,1,1,0.044337628423186524,0
1.0,0.05138659375981661,0.9655172413793103,1.0,1,1,0.04319741700979193,0
1.0,0.05138249799196024,0.9655172413793103,1.0,1,1,0.04494493903965043,0
1.0,0.05140634549145219,0.9310344827586207,1.0,1,1,0.04296594220643934,0
1.0,0.051449408369844775,0.9310344827586207,1.0,1,1,0.04575871010152616,0
1.0,0.05168007519702585,0.9310344827586207,1.0,1,1,0.04555890516847597,0
1.0,0.051986675393523675,0.9310344827586207,1.0,1,1,0.04665734216706994,0
1.0,0.05209096822527814,0.9310344827586207,1.0,1,1,0.04578066640972715,0
1.0,0.0523098071317925,0.9310344827586207,1.0,1,1,0.04317922531942948,0
1.0,0.05284213115650779,0.9310344827586207,1.0,1,1,0.04515253046231926,0
1.0,0.052485744844056714,0.9310344827586207,1.0,1,1,0.0465214380064974,0
1.0,0.05209799963920083,0.9310344827586207,1.0,1,1,0.04712365418320945,0
1.0,0.052144415454929205,0.9655172413793103,1.0,1,1,0.04712365418320945,0
1.0,0.05239487798857938,0.9655172413793103,1.0,1,1,0.046191462203942796,0
1.0,0.0527927316659424,0.9655172413793103,1.0,1,1,0.045116615691016125,0
1.0,0.053156701557723014,0.9655172413793103,1.0,1,1,0.045116615691016125,0
1.0,0.05336008844983233,0.9655172413793103,1.0,1,1,0.04349746714371753,0
1.0,0.05362902666577914,0.9655172413793103,1.0,1,1,0.04281049734485614,0
1.0,0.05405016535399725,0.9655172413793103,1.0,1,1,0.04523314249363809,0
1.0,0.05421556633827079,0.9655172413793103,1.0,1,1,0.04450209609803274,0
1.0,0.054462196051756846,0.9655172413793103,1.0,1,1,0.042863306409222694,0
1.0,0.05455876658101757,0.9310344827586207,1.0,1,1,0.044998137671737846,0
1.0,0.054574563126317865,0.9310344827586207,1.0,1,1,0.04175635283688267,0
1.0,0.054541764891837374,0.9310344827586207,1.0,1,1,0.041652303250940756,0
1.0,0.054590595838427756,0.9310344827586207,1.0,1,1,0.04308152561724025,0
1.0,0.05463887769552197,0.9310344827586207,1.0,1,1,0.04235160849648266,0
1.0,0.05465248024912788,0.9310344827586207,1.0,1,1,0.044505121274628426,0
1.0,0.0547763151628632,0.9310344827586207,1.0,1,1,0.044435556661099516,0
1.0,0.0546421363920412,0.9310344827586207,1.0,1,1,0.04148918425546773,0
1.0,0.05461256757059475,0.9310344827586207,1.0,1,1,0.04342451204501532,0
1.0,0.05458129446352749,0.9655172413793103,1.0,1,1,0.04333405814891513,0
1.0,0.05453204489211722,0.9655172413793103,1.0,1,1,0.04333405814891513,0
1.0,0.05449990090983192,0.9655172413793103,1.0,1,1,0.04284593759761231,0
1.0,0.05455546446345189,0.9655172413793103,1.0,1,1,0.04002739881553212,0
1.0,0.05451633801697296,0.9655172413793103,1.0,1,1,0.04294599687144409,0
1.0,0.054435526642009784,0.9655172413793103,1.0,1,1,0.04294698581560296,0
1.0,0.054544742588534846,0.9655172413793103,1.0,1,1,0.04294698581560296,0
1.0,0.05452342651707503,0.9655172413793103,1.0,1,1,0.0439464216566333,0
1.0,0.05451052119574992,0.9655172413793103,1.0,1,1,0.042350052021670394,0
1.0,0.0544690260175478,0.9310344827586207,1.0,1,1,0.04314627079356507,0
1.0,0.05443481749032138,0.9310344827586207,1.0,1,1,0.04358524590163964,0
1.0,0.054415180142184126,0.9310344827586207,1.0,1,1,0.042229728278380924,0
1.0,0.05452858432077586,0.9310344827586207,1.0,1,1,0.04206194692210982,0
1.0,0.05453174082088351,0.9310344827586207,1.0,1,1,0.04195605170559238,0
1.0,0.05447192003521195,0.9310344827586207,1.0,1,1,0.044224549457869904,0
1.0,0.05447051053527372,0.9310344827586207,1.0,1,1,0.04397459526774595,0
1.0,0.05455494292800722,0.9310344827586207,1.0,1,1,0.04168105880581421,0
1.0,0.0545858514637335,0.9310344827586207,1.0,1,1,0.04153706153345933,0
1.0,0.05455013987440387,0.9655172413793103,1.0,1,1,0.04141922904886014,0
1.0,0.054505373124292024,0.9655172413793103,1.0,1,1,0.043346516281608585,0
1.0,0.05447925501721329,0.9655172413793103,1.0,1,1,0.041294018600011195,0
1.0,0.05448297676736859,0.9655172413793103,1.0,1,1,0.04415543952457789,0
1.0,0.05446400446375524,0.9655172413793103,1.0,1,1,0.04405787284173307,0
1.0,0.0543974348208524,0.9655172413793103,1.0,1,1,0.043189160948765244,0
1.0,0.05438351292793543,0.9655172413793103,1.0,1,1,0.04404947546999939,0
1.0,0.054431636820871585,0.9655172413793103,1.0,1,1,0.044339922494400656,0
1.0,0.05439565253514697,0.9655172413793103,1.0,1,1,0.044339922494400656,0
1.0,0.05441751387208404,0.9310344827586207,1.0,1,1,0.04299396902433725,0
1.0,0.054415126908332404,0.9310344827586207,1.0,1,1,0.044181924078388224,0
1.0,0.05440805330272269,0.9310344827586207,1.0,1,1,0.04335862961394564,0
1.0,0.054453139320555365,0.9310344827586207,1.0,1,1,0.04369680812212401,0
1.0,0.05441455685624012,0.9310344827586207,1.0,1,1,0.04131908847174541,0
1.0,0.05435037130272186,0.9310344827586207,1.0,1,1,0.042310048263669325,0
1.0,0.05435254865993296,0.9310344827586207,1.0,1,1,0.04216133758195146,0
1.0,0.05440195923139461,0.9310344827586207,1.0,1,1,0.039643603039349266,0
1.0,0.05445713924927986,0.9310344827586207,1.0,1,1,0.042356418222526025,0
1.0,0.05447385621352753,0.9655172413793103,1.0,1,1,0.04211900411964852,0
1.0,0.054339803535055714,0.9655172413793103,1.0,1,1,0.04247429459156763,0
1.0,0.05428428962438504,0.9655172413793103,1.0,1,1,0.04340907054485216,0
1.0,0.05426749801712764,0.9655172413793103,1.0,1,1,0.04340456236742381,0
1.0,0.05429874598134379,0.9655172413793103,1.0,1,1,0.04050142585630715,0
1.0,0.05430634842780689,0.9655172413793103,1.0,1,1,0.041654788657035535,0
1.0,0.05428309233853464,0.9655172413793103,1.0,1,1,0.040954863924383245,0
1.0,0.05425932164221844,0.9655172413793103,1.0,1,1,0.04074056623161953,0
1.0,0.05427531964219919,0.9655172413793103,1.0,1,1,0.04291848984230741,0
1.0,0.05426091033859848,0.9655172413793103,1.0,1,1,0.043274620126147044,0
1.0,0.054247488417472185,0.9310344827586207,1.0,1,1,0.04185711059566408,0
1.0,0.05427589046355154,0.9310344827586207,1.0,1,1,0.04150349427081557,0
1.0,0.05425923223148337,0.9310344827586207,1.0,1,1,0.03980390655288694,0
1.0,0.05429969182088306,0.9310344827586207,1.0,1,1,0.04263626039491581,0
1.0,0.05423568903513244,0.9310344827586207,1.0,1,1,0.04052612080753743,0
1.0,0.05416479132093498,0.9310344827586207,1.0,1,1,0.041332407200911456,0
1.0,0.05426745923159615,0.9310344827586207,1.0,1,1,0.0417587992468134,0
1.0,0.05428812555315484,0.9310344827586207,1.0,1,1,0.03919948235294173,0
1.0,0.05433771896384444,0.9655172413793103,1.0,1,1,0.042284588040685994,0
1.0,0.05432283326730872,0.9655172413793103,1.0,1,1,0.0394132285106819,0
1.0,0.05427449594584946,0.9655172413793103,1.0,1,1,0.04213713433270363,0
1.0,0.05419293387434924,0.9655172413793103,1.0,1,1,0.0414996896337687,0
1.0,0.054187348535119126,0.9655172413793103,1.0,1,1,0.039585642984547434,0
1.0,0.05411551446364423,0.9655172413793103,1.0,1,1,0.04184305849442294,0
1.0,0.05422451157080234,0.9655172413793103,1.0,1,1,0.04392559706062428,0
1.0,0.054223739338600085,0.9655172413793103,1.0,1,1,0.04298871044102148,0
1.0,0.0541044343385043,0.9655172413793103,1.0,1,1,0.04330526547213412,0
1.0,0.05409264340986348,0.9655172413793103,1.0,1,1,0.04246711986681468,0
1.0,0.05407862187183293,0.9310344827586207,1.0,1,1,0.043819853841042776,0
1.0,0.05407424124911943,0.9310344827586207,1.0,1,1,0.04322759059122738,0
1.0,0.05410570328487146,0.9310344827586207,1.0,1,1,0.04183889348284701,0
1.0,0.054140204642083384,0.9310344827586207,1.0,1,1,0.043050896135529204,0
1.0,0.05388002553484382,0.9310344827586207,1.0,1,1,0.04115821132125969,0
1.0,0.05381434671328732,0.9310344827586207,0.0,1,1,0.04349595754532196,0
1.0,0.053857518659762196,0.9310344827586207,2.0,1,1,0.04086919009559728,0
1.0,0.053734833792234364,1.0,3.0,1,1,0.04343689010326125,0
1.0,0.05344988973706305,1.103448275862069,4.0,1,1,0.04524362902353707,0
1.0,0.0529121344238361,1.3103448275862069,6.0,1,1,0.05578360229611098,0
1.0,0.05271408069858484,1.5517241379310345,8.0,1,1,0.05397326944715137,0
1.0,0.05239406072845062,1.8275862068965516,9.0,1,1,0.07179529616724746,0
1.0,0.05239842373631181,2.1724137931034484,11.0,2,2,0.09087794601260597,0
1.0,0.05201141375719707,2.586206896551724,13.0,2,2,0.09306997285067849,0
1.0,0.05175761635348016,3.0344827586206895,14.0,2,2,0.12322084685905904,0
1.0,0.051399098473340225,3.5517241379310343,16.0,2,2,0.15215006261877206,0
1.0,0.05177329227031756,4.137931034482759,18.0,3,3,0.18327382111498053,0
1.0,0.05170924801209229,4.724137931034483,19.0,3,3,0.21762818214309532,0
1.0,0.05210734869564001,5.379310344827586,21.0,3,3,0.25722482061433694,0
1.0,0.05188819409663292,6.137931034482759,23.0,3,3,0.2857277123096501,0
1.0,0.05186880523685607,6.862068965517241,24.0,4,4,0.3283595984100931,0
1.0,0.052329307638963596,7.689655172413793,26.0,4,4,0.33872004740019845,0
1.0,0.05294480644418002,8.551724137931034,28.0,4,4,0.3943996375409329,0
1.0,0.05300963879541303,9.448275862068966,29.0,4,4,0.4542975568800174,0
1.0,0.0529915140511081,10.481674309554185,33.0,4,4,0.5032727535318547,0
1.0,0.054523815225336045,12.620689655172413,34.0,5,5,0.5240623985920986,0
1.0,0.054766448100011515,13.827586206896552,36.0,5,5,0.5865836664923298,0
1.0,0.054815202877150644,15.034482758620689,38.0,5,5,0.6319063110893133,0
1.0,0.05459710221282832,16.20689655172414,39.0,5,5,0.7489566122899873,0
1.0,0.05503980999438245,17.586206896551722,41.0,5,5,0.8145496595186735,0
1.0,0.05545816971974509,18.96551724137931,43.0,6,6,0.8481989096481605,0
1.0,0.05612393176663813,20.310344827586206,44.0,6,6,0.9433288159665072,0
1.0,0.05683535845004592,21.79310344827586,46.0,6,6,1.0266243452540715,0
1.0,0.057151956887718514,23.275862068965516,48.0,6,6,1.0848154286827583,0
1.0,0.05757960484102527,24.82758620689655,49.0,6,6,1.1529740202228473,0
1.0,0.058685144174723154,26.413793103448274,51.0,6,6,1.1659378628831438,0
1.0,0.059068970733801636,28.0,53.0,6,6,1.2823748523420055,0
1.0,0.059623706905095185,29.551724137931036,54.0,7,7,1.3275416281382209,0
1.0,0.05983106104441987,31.068965517241377,56.0,7,7,1.3561691672056715,0
1.0,0.060250326009088376,32.689655172413794,58.0,7,7,1.4501353649170186,0
1.0,0.06027377081940282,34.241379310344826,59.0,7,7,1.5533804855571416,0
1.0,0.06072877828811861,37.275862068965516,63.0,7,7,1.5734706559969565,0
1.0,0.0618706709350905,38.86206896551724,64.0,8,8,1.639624128079626,0
1.0,0.06222584645584897,40.241379310344826,66.0,8,8,1.7154770943076143,0
1.0,0.06268292623290693,41.89655172413793,68.0,8,8,1.8846245181107992,0
1.0,0.06319216066202084,43.3448275862069,69.0,9,9,1.9077949461406132,0
1.0,0.06368201966966196,44.96551724137931,71.0,9,9,2.01330749000936,0
1.0,0.06427332243615297,46.48275862068965,73.0,9,9,1.9918435902365155,0
1.0,0.0649795197818061,48.03448275862069,74.0,9,9,2.1494435615633525,0
1.0,0.06632230279713977,49.51724137931034,76.0,9,9,2.1818760574331586,0
1.0,0.06677229538427382,51.10344827586207,78.0,9,9,2.278325209413361,0
1.0,0.0672010253248334,52.45370210711453,79.0,9,9,2.340457871186228,0
1.0,0.06828845475823075,53.86206896551724,81.0,9,9,2.369249503885103,0
1.0,0.06925239530564102,55.275862068965516,83.0,9,9,2.4171382695399806,0
1.0,0.06982738336385684,56.6551724137931,84.0,10,10,2.465742021747348,0
1.0,0.0712844517885457,58.172413793103445,86.0,10,10,2.572451221882632,0
1.0,0.07350068489175332,61.3448275862069,89.0,10,10,2.6121808377067426,0
1.0,0.07458993771777132,62.724137931034484,91.0,10,10,2.6691017292901766,0
1.0,0.07592742762508577,64.17241379310344,93.0,10,10,2.832861070635051,0
1.0,0.07757048079569703,65.58620689655173,94.0,11,11,2.7890577026303265,0
1.0,0.07888066304286,66.86206896551724,96.0,11,11,2.958049987452185,0
1.0,0.07990762895932832,68.34482758620689,98.0,11,11,3.0452714373345735,0
1.0,0.08126179525817283,69.79310344827586,99.0,11,11,3.1048798514760456,0
1.0,0.08250653130964312,71.20689655172414,100.0,11,11,3.137919944078052,0
1.0,0.08386478301791897,72.34482758620689,100.0,11,11,3.1018760101932843,0
1.0,0.08511447328252707,73.62068965517241,100.0,11,11,3.180057048898628,0
1.0,0.08643267553778063,74.72413793103448,100.0,11,11,3.2148476516737805,0
1.0,0.09000980307733156,77.17241379310344,100.0,11,11,3.2785786088990405,0
1.0,0.09047440122522424,78.0,100.0,11,11,3.3385058353596775,0
1.0,0.09165302570398545,78.93103448275862,100.0,10,11,3.354157407959724,0
1.0,0.09247316626558195,79.89655172413794,100.0,10,11,3.518248220078788,0
1.0,0.093415985943222,80.72413793103448,100.0,11,11,3.515447629636456,0
1.0,0.09431888960297695,81.72413793103448,100.0,11,11,3.54628869768892,0
1.0,0.09512998386383958,82.37931034482759,100.0,11,11,3.56023208146453,0
1.0,0.09635916089112914,83.24137931034483,100.0,10,11,3.6175066448901645,0
1.0,0.09691335614533045,83.51724137931035,100.0,10,11,3.5855355390946277,0
1.0,0.09824929176499707,84.13793103448276,100.0,10,11,3.6214968785162975,0
1.0,0.09921938088811084,84.79310344827586,100.0,10,11,3.6160197110537604,0
1.0,0.10080545505946296,85.6896551724138,100.0,10,11,3.621306516998681,0
1.0,0.10280790217422098,86.34482758620689,100.0,10,11,3.743233349025878,0
1.0,0.10351350288627002,87.0,100.0,10,11,3.7581860767013278,0
1.0,0.10425139932396647,87.41379310344827,100.0,10,10,3.756794163326976,0
1.0,0.10542544103435846,87.51724137931035,100.0,10,10,3.7684626180139382,0
1.0,0.1063006745789758,87.51724137931035,100.0,10,10,3.72732343957888,0
1.0,0.10693323918859994,87.82758620689656,100.0,10,10,3.684377735010866,0
1.0,0.1078985431737609,88.06896551724138,100.0,10,10,3.7683612794087815,0
1.0,0.1081767413962991,88.3103448275862,100.0,10,10,3.7527956624914185,0
1.0,0.1088386130052911,88.6896551724138,100.0,10,10,3.6253359935502134,0
1.0,0.11013462834061566,88.48275862068965,100.0,10,10,3.632961806844331,0
1.0,0.11067669846530732,88.48275862068965,100.0,10,10,3.7576544994510206,0
1.0,0.11110051744449426,88.58620689655173,100.0,10,10,3.7657702421444603,0
1.0,0.1121596272208195,88.72413793103448,100.0,10,10,3.666214514938491,0
1.0,0.11284901144372918,88.41379310344827,100.0,10,10,3.747038288275181,0
1.0,0.11413387583066369,88.72413793103448,100.0,10,10,3.7484282702923206,0
1.0,0.11468639471719048,88.48275862068965,100.0,10,10,3.6569415979310844,0
1.0,0.11603390513476489,88.55172413793103,100.0,10,10,3.7191778347892113,0
1.0,0.11677733515815616,88.58620689655173,100.0,10,10,3.712486540418586,0
1.0,0.11801020808038208,88.62068965517241,100.0,10,10,3.606493905248311,0
1.0,0.11923666877003992,88.41379310344827,100.0,10,10,3.7470727190360047,0
1.0,0.12069877501156534,88.58620689655173,100.0,10,10,3.722103139440696,0
1.0,0.12159674807890034,88.03448275862068,100.0,10,10,3.6787501729340906,0
1.0,0.12304308165611999,88.24137931034483,100.0,10,10,3.7126998542671528,0
1.0,0.12409270116187612,88.37931034482759,100.0,10,10,3.666121704539331,0
1.0,0.12454180649598072,88.37931034482759,100.0,10,10,3.7186918463643823,0
1.0,0.12529651619605947,87.9655172413793,100.0,10,10,3.668834178559015,0
1.0,0.1258219153158527,88.10344827586206,100.0,10,10,3.633385792636537,0
1.0,0.1258495006439484,88.34482758620689,100.0,10,10,3.697629148061155,0
1.0,0.12738208724592337,88.24137931034483,100.0,10,10,3.654700282647474,0
1.0,0.12730971056068588,88.27586206896552,100.0,10,10,3.5831261564960433,0
1.0,0.12745791419257815,88.41379310344827,100.0,10,10,3.552844654005121,0
1.0,0.12804000340237773,88.41379310344827,100.0,10,10,3.679295154553357,0
1.0,0.1282132753991448,88.37931034482759,100.0,10,10,3.7061913026081337,0
1.0,0.12815647770839747,88.48275862068965,100.0,10,10,3.6702440711418345,0
1.0,0.12810840268830523,88.27586206896552,100.0,10,10,3.7234041073763278,0
1.0,0.12798225981940917,88.24137931034483,100.0,10,10,3.670499009047891,0
1.0,0.12822672236048846,88.41379310344827,100.0,10,10,3.6688466643605446,0
1.0,0.12808524678669256,88.44827586206897,100.0,10,10,3.6404953931104873,0
1.0,0.12861426297419865,88.37931034482759,98.0,10,10,3.6051954792936134,0
1.0,0.12816231379769696,88.48275862068965,97.0,10,10,3.7104768089445783,0
1.0,0.12830594746782217,88.20689655172414,96.0,10,10,3.7247219199574277,0
1.0,0.12760974042575263,88.03448275862068,95.0,9,10,3.6740714949621647,0
1.0,0.12701888339361483,88.13793103448276,94.0,9,10,3.680580938334206,0
1.0,0.12703202459717314,88.03448275862068,93.0,9,10,3.64674538863834,0
1.0,0.12629522621323297,87.86206896551724,92.0,9,10,3.6379491218386466,0
1.0,0.12566211432284394,87.6551724137931,91.0,9,10,3.6418451029989907,0
1.0,0.12519889398097325,87.62068965517241,90.0,9,10,3.6641544350963886,0
1.0,0.12450286817150306,87.20689655172414,89.0,9,10,3.6031530391630993,0
1.0,0.12386172791723585,87.41379310344827,87.0,9,10,3.5939475314183693,0
1.0,0.12235023273501115,87.17241379310344,86.0,9,10,3.5434024170733136,0
1.0,0.12129639249886771,86.75862068965517,85.0,8,10,3.6620126410919718,0
1.0,0.12072132792349102,86.58620689655173,84.0,8,10,3.6083985820490194,0
1.0,0.1197197242531499,86.17241379310344,83.0,8,10,3.6197482170783353,0
1.0,0.11868269587796583,85.64726984236488,82.0,8,10,3.5370241451262805,0
1.0,0.118024024663197,85.06896551724138,81.0,8,9,3.5613577177649764,0
1.0,0.11754125510170105,84.55172413793103,80.0,8,9,3.525263456721374,0
1.0,0.11696785158646021,83.86206896551724,79.0,8,9,3.4947126312690466,0
1.0,0.11602363117839383,83.44827586206897,78.0,8,9,3.4766755860657463,0
1.0,0.11518742463241363,82.75862068965517,77.0,8,9,3.4287041376222116,0
1.0,0.11491500496252571,82.20689655172414,76.0,7,9,3.4222170754800016,0
1.0,0.1140816104472673,81.41379310344827,75.0,7,9,3.3290230583216838,0
1.0,0.11367532277908417,80.89655172413794,74.0,7,9,3.3550130336078254,0
1.0,0.11301247242121018,80.24137931034483,73.0,7,9,3.2743661149295984,0
1.0,0.1124307435174884,79.51724137931035,72.0,7,8,3.233367141218288,0
1.0,0.11129073739390698,78.03448275862068,70.0,7,8,3.192210168664724,0
1.0,0.11081060144281149,77.0,69.0,7,8,3.175753702484499,0
1.0,0.10968795070675734,76.34482758620689,68.0,7,8,3.1708052047259128,0
1.0,0.10889054782525903,75.58620689655173,67.0,6,8,3.177178627104726,0
1.0,0.10748507328560734,74.79310344827586,67.0,6,8,3.1214839559190835,0
1.0,0.1068906778085589,73.89655172413794,66.0,6,8,3.0552997573498537,0
1.0,0.10544176083466426,73.06896551724138,65.0,6,8,3.0168269119976863,0
1.0,0.10448162136639887,72.34482758620689,64.0,6,8,2.9357867069761077,0
1.0,0.10397152339096026,71.44827586206897,63.0,6,7,2.9412053314546034,0
1.0,0.10256661128812626,70.58620689655173,62.0,6,7,2.9189518586026226,0
1.0,0.10103475924800663,69.79310344827586,61.0,6,7,2.851586331094921,0
1.0,0.09913662147794679,69.0,60.0,6,7,2.8174386332414354,0
1.0,0.09808797536314333,68.0,59.0,6,7,2.7288550587230436,0
1.0,0.09625626428017178,67.03448275862068,58.0,5,7,2.7125723255487144,0
1.0,0.09478248325060695,66.03448275862068,57.0,5,7,2.60031882885507,0
1.0,0.09364782793430079,65.06896551724138,55.0,5,6,2.636542718650191,0
1.0,0.09170617231776676,63.3448275862069,54.0,5,6,2.5755838654918004,0
1.0,0.09069460086859585,62.55172413793103,53.0,5,6,2.5237603700281563,0
1.0,0.08972093127163627,61.58620689655172,52.0,5,6,2.5469475735609297,0
1.0,0.08871502766912379,60.82758620689655,51.0,5,6,2.5117249210888413,0
1.0,0.08800050626946647,60.03448275862069,50.0,5,6,2.455979236429262,0
1.0,0.08694747970548848,59.275862068965516,49.0,5,6,2.4413354446317848,0
1.0,0.08581750384892568,58.37931034482759,48.0,5,6,2.359636891093621,0
1.0,0.08483076192559302,57.37931034482759,47.0,4,6,2.344299151111918,0
1.0,0.083870814910967,56.51724137931034,46.0,4,6,2.314925441537073,0
1.0,0.08282714012713874,55.48275862068965,45.0,4,6,2.271196141214962,0
1.0,0.08194272534620411,54.55172413793103,44.0,4,5,2.2120677830314714,0
1.0,0.08075800244974196,53.62068965517241,43.0,4,5,2.1792118598198655,0
1.0,0.07973453373468077,52.6551724137931,42.0,4,5,2.1270117333094283,0
1.0,0.0782589919718921,51.86206896551724,41.0,4,5,2.099079292096686,0
1.0,0.07641410684673786,50.93103448275862,40.0,4,5,2.057328054840141,0
1.0,0.0757996987333328,50.0,39.0,4,5,1.9935419096432154,0
1.0,0.074136383588027,49.172413793103445,38.0,3,5,1.9945943869405245,0
1.0,0.07193929184804491,47.206896551724135,36.0,3,5,1.887202364804222,0
1.0,0.07097041886246787,46.241379310344826,35.0,3,5,1.8656563797159054,0
1.0,0.0705079586363482,45.37931034482759,34.0,3,5,1.8548078670263475,0
1.0,0.07016052023030524,44.44827586206897,33.0,3,4,1.814164032009412,0
1.0,0.06941452815622813,43.48275862068965,32.0,3,4,1.7578069586881675,0
1.0,0.0690828528554385,42.55172413793103,31.0,3,4,1.7446696613212842,0
1.0,0.06871774817984007,41.6551724137931,30.0,3,4,1.7017658275140444,0
1.0,0.06830541224723764,40.6551724137931,29.0,3,4,1.6552739206708933,0
1.0,0.06796429844553362,39.82758620689655,28.0,3,4,1.6200744935663924,0
1.0,0.06757254723330329,38.89655172413793,27.0,2,4,1.5757377449367393,0
1.0,0.06679408348613007,37.86206896551724,26.0,2,4,1.5516151772695153,0
1.0,0.06598691439387415,36.93103448275862,25.0,2,4,1.4849254506651426,0
1.0,0.06563080007370088,36.03448275862069,24.0,2,3,1.4553283532221115,0
1.0,0.06516827353372363,35.275862068965516,23.0,2,3,1.3929588773125179,0
1.0,0.06440621364840475,34.310344827586206,22.0,2,3,1.3670117879918473,0
1.0,0.0639242970781616,33.206896551724135,21.0,2,3,1.3392594791512773,0
1.0,0.06337159717797015,32.241379310344826,20.0,2,3,1.2764238499140634,0
1.0,0.06308459407266839,31.241379310344826,19.0,2,3,1.2506186401253245,0
1.0,0.061442580924868186,29.379310344827587,17.0,2,3,1.220047880386242,0
1.0,0.06109375728136443,28.551724137931036,16.0,1,3,1.132434094257216,0
1.0,0.060579092081939234,27.655172413793103,15.0,1,3,1.0980100020076429,0
1.0,0.060149524162872184,26.689655172413794,14.0,1,3,1.0767443454693257,0
1.0,0.059149521992839044,25.724137931034484,13.0,1,2,1.0398127001885038,0
1.0,0.05870340902103604,24.862068965517242,12.0,1,2,0.9951723406923305,0
1.0,0.058416580914360694,24.0,11.0,1,2,0.9598072030338485,0
1.0,0.058036954198068674,23.103448275862068,10.0,1,2,0.9209123138584703,0
1.0,0.05783278856549237,22.103448275862068,9.0,1,2,0.8672076696726756,0
1.0,0.057616695244180303,21.103448275862068,8.0,1,2,0.8396577935536426,0
1.0,0.05728174286643012,20.137931034482758,7.0,1,2,0.7879445566647251,0
1.0,0.05708904817625834,19.241379310344826,6.0,1,2,0.7429946874039935,0
1.0,0.056885172805192945,18.310344827586206,5.0,1,2,0.7253794668793813,0
1.0,0.05680751936394731,17.344827586206897,4.0,1,2,0.6838889654128334,0
1.0,0.056796805963940586,16.379310344827587,3.0,1,1,0.6387705858417705,0
1.0,0.05682497122108227,15.379310344827585,2.0,1,1,0.6106783175911944,0
1.0,0.056781205995315276,14.413793103448276,1.0,1,1,0.5557874564236976,0
1.0,0.05656862733421341,13.517241379310345,1.0,1,1,0.5301946928537682,0
1.0,0.05626951512263798,11.827586206896552,1.0,1,1,0.4840578282474696,0
1.0,0.05622559109500953,11.03448275862069,1.0,1,1,0.4470354713312421,0
1.0,0.05607327346636335,10.275862068965518,1.0,1,1,0.4181429347215982,0
1.0,0.05592846917199405,9.482758620689655,1.0,1,1,0.39683934851860636,0
1.0,0.05566956609829526,8.724137931034482,1.0,1,1,0.35193194394441557,0
1.0,0.055039273690516005,8.0,1.0,1,1,0.33591227142969843,0
1.0,0.05431065829988877,7.413793103448276,1.0,1,1,0.30607011892625197,0
1.0,0.054009295765782,6.758620689655173,1.0,1,1,0.27545699176381383,0
1.0,0.05377231098781109,6.206896551724138,1.0,1,1,0.24876531169250674,0
1.0,0.05363359241485366,5.620689655172414,1.0,1,1,0.22140905251365045,0
1.0,0.05356138196584514,5.068965517241379,1.0,1,1,0.20092790013482167,0
1.0,0.05335161533716787,4.551724137931035,1.0,1,1,0.18690529777725454,0
1.0,0.053067581733557745,4.068965517241379,1.0,1,1,0.16969162790570685,0
1.0,0.0526630219471541,3.6206896551724137,1.0,1,1,0.15817914742951353,0
1.0,0.05230348460834376,3.2758620689655173,1.0,1,1,0.14013717199327136,0
1.0,0.05214896478241422,2.8620689655172415,1.0,1,1,0.11838394032211375,0
1.0,0.05198449074271926,2.5172413793103448,1.0,1,1,0.11366356143370282,0
1.0,0.05185617629121358,2.206896551724138,1.0,1,1,0.09896846111612942,0
1.0,0.05169320325484081,1.9310344827586206,1.0,1,1,0.09081907085568067,0
1.0,0.05155767202414027,1.5517241379310345,1.0,1,1,0.0834147943020564,0
1.0,0.05158140461724865,1.3448275862068966,1.0,1,1,0.05127349155279787,0
1.0,0.051593806138492564,1.1724137931034482,1.0,1,1,0.04806810000000052,0
1.0,0.0515681736674004,1.0689655172413792,1.0,1,1,0.05292096208106939,0
1.0,0.051535807757603316,0.9655172413793103,1.0,1,1,0.04923138004558582,0
1.0,0.051393570000144835,0.9310344827586207,1.0,1,1,0.04866901631833195,0
1.0,0.05125972691820905,0.9310344827586207,1.0,1,1,0.04639654250579157,0
1.0,0.05117403545326787,0.9310344827586207,1.0,1,1,0.04591296030607444,0
1.0,0.05115517611862329,0.9310344827586207,1.0,1,1,0.04647026679524352,0
1.0,0.0511552122451475,0.9310344827586207,1.0,1,1,0.047170887196742964,0
1.0,0.05094786034875513,0.9310344827586207,1.0,1,1,0.045673801164336336,0
1.0,0.05091288270873649,0.9310344827586207,1.0,1,1,0.04734765991452642,0
1.0,0.051050024335470484,0.9310344827586207,1.0,1,1,0.0469615955281048,0
1.0,0.05108634469189517,0.9310344827586207,1.0,1,1,0.04392319141571422,0
1.0,0.051061954727912015,0.9655172413793103,1.0,1,1,0.04158430092462894,0
1.0,0.050989268855471746,0.9655172413793103,1.0,1,1,0.0434105990783422,0
1.0,0.051117692391859725,0.9655172413793103,1.0,1,1,0.040056398148147807,0
1.0,0.050946839548696596,0.9655172413793103,1.0,1,1,0.0439628272623791,0
1.0,0.05128031912943772,0.9655172413793103,1.0,1,1,0.04246979021495104,0
1.0,0.05147850432201837,0.9655172413793103,1.0,1,1,0.042286769193607195,0
1.0,0.051662752993937,0.9655172413793103,1.0,1,1,0.04306636812091186,0
1.0,0.05198894324489722,0.9655172413793103,1.0,1,1,0.04412871218668852,0
1.0,0.052092159187884665,0.9310344827586207,1.0,1,1,0.044894301945258404,0
1.0,0.051711356292591854,0.9310344827586207,1.0,1,1,0.04505301887486619,0
1.0,0.052096872540468214,0.9310344827586207,1.0,1,1,0.04483070255795876,0
1.0,0.05254778631674391,0.9310344827586207,1.0,1,1,0.04428616014148532,0
1.0,0.05278430722809508,0.9310344827586207,1.0,1,1,0.04480910318648103,0
1.0,0.053235677904532555,0.9310344827586207,1.0,1,1,0.04549550144162354,0
1.0,0.05334931450617452,0.9310344827586207,1.0,1,1,0.04385491527772908,0
1.0,0.05362157595863371,0.9310344827586207,1.0,1,1,0.044431444440410736,0
1.0,0.05398408879062035,0.9310344827586207,1.0,1,1,0.04224836696712075,0
1.0,0.05430106995106231,0.9310344827586207,1.0,1,1,0.04156298616732864,0
1.0,0.05459586347409394,0.9655172413793103,1.0,1,1,0.04311621508671582,0
1.0,0.05491101485906831,0.9655172413793103,1.0,1,1,0.04220318946365823,0
1.0,0.05485942410658546,0.9655172413793103,1.0,1,1,0.04275124464290007,0
1.0,0.05498142330296624,0.9655172413793103,1.0,1,1,0.0421364173125107,0
1.0,0.054981524160081924,0.9655172413793103,1.0,1,1,0.04375361269059407,0
1.0,0.05495891292788915,0.9655172413793103,1.0,1,1,0.042938846139686224,0
1.0,0.05492815383851329,0.9655172413793103,1.0,1,1,0.04395932191492438,0
1.0,0.05499708069562205,0.9655172413793103,1.0,1,1,0.043070533292125804,0
1.0,0.05499536863552004,0.9310344827586207,1.0,1,1,0.04326588125760874,0
1.0,0.05494330729006007,0.9310344827586207,1.0,1,1,0.04386165327210084,0
1.0,0.05493816849918533,0.9310344827586207,1.0,1,1,0.04252164128950372,0
1.0,0.05491756890998138,0.9310344827586207,1.0,1,1,0.044063819734688786,0
1.0,0.05487010473137031,0.9310344827586207,1.0,1,1,0.043358538187601006,0
1.0,0.05483056516004581,0.9310344827586207,1.0,1,1,0.04444131305611705,0
1.0,0.05481677632074674,0.9310344827586207,1.0,1,1,0.04197537733322257,0
1.0,0.05496573405278988,0.9310344827586207,1.0,1,1,0.045125004365896476,0
1.0,0.05494550189203957,0.9310344827586207,1.0,1,1,0.043642366224840766,0
1.0,0.05498716524938833,0.9310344827586207,1.0,1,1,0.04138132622216607,0
1.0,0.05499259437432816,0.9655172413793103,1.0,1,1,0.04260052751890247,0
1.0,0.05501133905285574,0.9655172413793103,1.0,1,1,0.04238254558328874,0
1.0,0.05513452099941268,0.9655172413793103,1.0,1,1,0.040962415171471256,0
1.0,0.055350430695917954,0.9655172413793103,1.0,1,1,0.041703647076023934,0
1.0,0.05540698807089938,0.9655172413793103,1.0,1,1,0.0445807361444074,0
1.0,0.055392131803143584,0.9655172413793103,1.0,1,1,0.0430575067327811,0
1.0,0.05528282017829562,0.9655172413793103,1.0,1,1,0.042682279773214066,0
1.0,0.05524425505323701,0.9655172413793103,1.0,1,1,0.042540258106660594,0
1.0,0.05505982529059772,0.9310344827586207,1.0,1,1,0.04174386924411007,0
1.0,0.05496130810867974,0.9310344827586207,1.0,1,1,0.04339891665210662,0
1.0,0.054994451374503636,0.9310344827586207,1.0,1,1,0.041693957406628075,0
1.0,0.0550371466066021,0.9310344827586207,1.0,1,1,0.04481778929188357,0
1.0,0.055036300820834834,0.9314520302204435,1.0,1,1,0.04456444794726608,0
1.0,0.0550273785351497,0.9310344827586207,1.0,1,1,0.04360154350354146,0
1.0,0.05504045973170183,0.9310344827586207,1.0,1,1,0.04360154350354146,0
1.0,0.055101985106635505,0.9310344827586207,1.0,1,1,0.04230703180212057,0
1.0,0.05517663482091198,0.9310344827586207,1.0,1,1,0.04525357569612982,0
1.0,0.05516663885659259,0.9310344827586207,1.0,1,1,0.04285930427673327,0
1.0,0.05519947733877675,0.9655172413793103,1.0,1,1,0.042123051293903806,0
1.0,0.05518705892804324,0.9655172413793103,1.0,1,1,0.04333961371985748,0
1.0,0.05519611167814478,0.9655172413793103,1.0,1,1,0.042931988873436314,0
1.0,0.05521135262461029,0.9655172413793103,1.0,1,1,0.041606896169753355,0
1.0,0.055197012481715185,0.9655172413793103,1.0,1,1,0.04183009080139936,0
1.0,0.05533576121394747,0.9655172413793103,1.0,1,1,0.040592544799989555,0
1.0,0.05535430171390284,0.9655172413793103,1.0,1,1,0.044295270317895596,0
1.0,0.05537326201738324,0.9655172413793103,1.0,1,1,0.044293132623563214,0
1.0,0.05516910832679555,0.9310344827586207,1.0,1,1,0.04429479707157653,0
1.0,0.05516073570853967,0.9310344827586207,1.0,1,1,0.042717090224548775,0
1.0,0.05515576074945524,0.9310344827586207,1.0,1,1,0.044635479659154285,0
1.0,0.05519943573160293,0.9310344827586207,1.0,1,1,0.04433224983397832,0
1.0,0.055160477124445606,0.9310344827586207,1.0,1,1,0.04310066130473801,0
1.0,0.055143135749468844,0.9310344827586207,1.0,1,1,0.04141452751727891,0
1.0,0.055158034785173574,0.9310344827586207,1.0,1,1,0.042050574381719275,0
1.0,0.0552014792493927,0.9310344827586207,1.0,1,1,0.044372631428979056,0
1.0,0.055316667838659274,0.9310344827586207,1.0,1,1,0.04077498245613984,0
1.0,0.05531527901725245,0.9310344827586207,1.0,1,1,0.04361164805269071,0
1.0,0.055311353267305616,0.9655172413793103,1.0,1,1,0.04112663625630874,0
1.0,0.05529281096369231,0.9655172413793103,1.0,1,1,0.04179583761875959,0
1.0,0.055203048106575024,0.9655172413793103,1.0,1,1,0.04395693863931613,0
1.0,0.0552315602852624,0.9655172413793103,1.0,1,1,0.04194756114753411,0
1.0,0.05521809823182722,0.9655172413793103,1.0,1,1,0.04502564102564115,0
1.0,0.055193257731713984,0.9655172413793103,1.0,1,1,0.045397159256029475,0
1.0,0.055241667410233015,0.9655172413793103,1.0,1,1,0.044166364785892274,0
1.0,0.0552425450888612,0.9655172413793103,1.0,1,1,0.04378972881355844,0
1.0,0.05523140934502325,0.9310344827586207,1.0,1,1,0.044894611983752955,0
1.0,0.055158044581317386,0.9310344827586207,1.0,1,1,0.042709663716814096,0
1.0,0.055210088374484,0.9310344827586207,1.0,1,1,0.042709663716814096,0
1.0,0.055221552481530774,0.9310344827586207,1.0,1,1,0.04368251415786812,0
1.0,0.055143430445891026,0.9310344827586207,1.0,1,1,0.043711238807022545,0
1.0,0.055221082338773285,0.9310344827586207,1.0,1,1,0.04196926696614439,0
1.0,0.05525237501738697,0.9310344827586207,1.0,1,1,0.04190909759776462,0
1.0,0.05528661530310533,0.9310344827586207,1.0,1,1,0.04244309125409864,0
1.0,0.0553340119816182,0.9310344827586207,1.0,1,1,0.041330055044036314,0
1.0,0.055190281374572284,0.9310344827586207,1.0,1,1,0.04386690660299889,0
1.0,0.05517278971391144,0.9655172413793103,1.0,1,1,0.04170266199585793,0
1.0,0.055162964999518796,0.9655172413793103,1.0,1,1,0.04152382822483435,0
1.0,0.05512301426733757,0.9655172413793103,1.0,1,1,0.043716279569122884,0
1.0,0.05509616821369231,0.9655172413793103,1.0,1,1,0.043787949921751924,0
1.0,0.055062410749477354,0.9655172413793103,1.0,1,1,0.044247018249749734,0
1.0,0.05511248110659445,0.9655172413793103,1.0,1,1,0.04144667034512342,0
1.0,0.05512490339242504,0.9655172413793103,1.0,1,1,0.04309893787780451,0
1.0,0.05513276372684314,0.9310344827586207,1.0,1,1,0.04376204994192842,0
1.0,0.05523529325410808,0.9310344827586207,0.0,1,1,0.04193307933963643,0
1.0,0.05532059561783999,0.9310344827586207,1.0,1,1,0.04334543868829633,0
1.0,0.05509269067198178,1.0,3.0,1,1,0.04528408244350714,0
1.0,0.05471416808042352,1.1379310344827587,5.0,1,1,0.04528408244350714,0
1.0,0.054213076746399656,1.3103448275862069,6.0,1,1,0.05404723115398412,0
1.0,0.053856405202709165,1.5517241379310345,8.0,1,1,0.06753174659227434,0
1.0,0.053607882831455345,1.8620689655172413,10.0,2,2,0.06753174659227434,0
1.0,0.053232134847744216,2.1724137931034484,11.0,2,2,0.08606445166125375,0
1.0,0.053041176009359224,2.5517241379310343,13.0,2,2,0.11410317108246017,0
1.0,0.05227813403419939,3.0,15.0,2,2,0.13803882177962068,0
1.0,0.05177764113815591,3.5172413793103448,16.0,3,3,0.13582054513790393,0
1.0,0.05181047975146894,4.0344827586206895,18.0,3,3,0.18260391703860182,0
1.0,0.05157795657912368,5.344827586206897,21.0,3,3,0.2097506442956505,0
1.0,0.05167128991646071,6.068965517241379,23.0,3,3,0.25661853244532834,0
1.0,0.051939906601594976,6.827586206896552,25.0,3,3,0.31252738248544826,0
1.0,0.052325966714697386,7.620689655172414,26.0,4,4,0.32999707030507847,0
1.0,0.05239919220346068,8.517241379310345,28.0,4,4,0.37670854302181717,0
1.0,0.052218424762181734,9.482758620689655,30.0,4,4,0.4456427554527213,0
1.0,0.052118555518047116,10.413793103448276,31.0,4,4,0.46084639135017197,0
1.0,0.052578889174364124,11.482758620689655,33.0,4,4,0.5263047997248503,0
1.0,0.05293722602271202,12.551724137931034,35.0,5,5,0.5837318929880511,0
1.0,0.05366616181912353,13.689655172413794,36.0,5,5,0.5931368700976866,0
1.0,0.05386194070200398,14.862068965517242,38.0,5,5,0.6836171798620398,0
1.0,0.0538345978055128,16.03448275862069,40.0,5,5,0.7303871226784492,0
1.0,0.054327412499803225,17.413793103448274,41.0,5,5,0.809370361149844,0
1.0,0.05505018723328603,18.79310344827586,43.0,5,5,0.8163143566004889,0
1.0,0.055387228962486414,20.241379310344826,45.0,5,5,0.9036060363559434,0
1.0,0.05553489688448285,21.75862068965517,46.0,6,6,0.9951578395267815,0
1.0,0.05610551623204626,23.241379310344826,48.0,6,6,1.024042830268347,0
1.0,0.05352585314624869,26.413793103448274,51.0,6,6,1.1311633136126045,0
1.0,0.05657308168303373,28.0,53.0,6,6,1.154462094538502,0
1.0,0.05664474103670839,29.517241379310345,55.0,6,6,1.3097075814302122,0
1.0,0.057119490102403074,31.03448275862069,56.0,7,7,1.3162751138299082,0
1.0,0.057475421671543875,32.55172413793103,58.0,7,7,1.457250371116204,0
1.0,0.057554604958175125,34.172413793103445,60.0,7,7,1.541110972340095,0
1.0,0.05782908522672865,35.724137931034484,61.0,7,7,1.6005889310314658,0
1.0,0.058101626592379524,37.241379310344826,63.0,7,7,1.66649883813695,0
1.0,0.05891758563012427,38.724137931034484,65.0,8,8,1.7400642420605703,0
1.0,0.059992637295479795,40.275862068965516,67.0,8,8,1.7716127756363076,0
1.0,0.060756470872404614,41.758620689655174,68.0,8,8,1.8712523155820233,0
1.0,0.060853509247741605,43.3448275862069,70.0,8,8,1.903490510233832,0
1.0,0.06170413764939931,44.93103448275862,72.0,8,8,1.9973751669007949,0
1.0,0.06212393380653977,46.41379310344828,73.0,9,9,2.0099971505589926,0
1.0,0.06372082541180787,48.03448275862069,75.0,9,9,2.112815711269363,0
1.0,0.06415919237951608,49.51724137931034,77.0,9,9,2.1791259147589233,0
1.0,0.06458855453592127,51.03448275862069,80.0,9,9,2.262004816504616,0
1.0,0.06689952952905215,53.86206896551724,82.0,10,10,2.293903003226657,0
1.0,0.0682511531858509,55.51724137931034,83.0,10,10,2.459647355737034,0
1.0,0.06873553869285998,57.0,85.0,10,10,2.5651421217457226,0
1.0,0.06918995203991359,58.58620689655172,87.0,10,10,2.5669197003340627,0
1.0,0.0701606755511895,60.06896551724138,88.0,10,10,2.628193055880211,0
1.0,0.0711367197561356,61.58620689655172,90.0,10,10,2.6942058149190005,0
1.0,0.07178716836691132,63.03448275862069,92.0,10,10,2.7754600728383805,0
1.0,0.0733397498481536,64.41379310344827,93.0,11,11,2.8823174722450013,0
1.0,0.07488331084709011,65.72413793103448,95.0,11,11,2.9181568880125432,0
1.0,0.07635684083297531,67.13793103448276,97.0,11,11,2.9539550551750815,0
1.0,0.07817154781407759,68.41379310344827,98.0,11,11,3.038549974608361,0
1.0,0.07968384335186379,69.82758620689656,100.0,11,11,3.1015616669476254,0
1.0,0.08257033349801653,72.55172413793103,100.0,12,12,3.060554470355961,0
1.0,0.08367385559615903,73.79310344827586,100.0,12,12,3.1968700005120323,0
1.0,0.08435884153912314,75.13793103448276,100.0,12,12,3.3319303104751152,0
1.0,0.08535941965764723,76.17241379310344,100.0,11,12,3.373318522424542,0
1.0,0.08650319735363024,77.27586206896552,100.0,11,12,3.4162589609753793,0
1.0,0.08730700357549948,78.34482758620689,100.0,11,12,3.480224803157594,0
1.0,0.0886753833285226,79.37931034482759,100.0,11,12,3.538802103901676,0
1.0,0.08955765826346027,80.51724137931035,100.0,11,12,3.5290654892061446,0
1.0,0.09015247423442774,81.27586206896552,100.0,11,12,3.5570178193050914,0
1.0,0.09121745318456123,82.10344827586206,100.0,11,12,3.529446596384578,0
1.0,0.09218126644515774,82.82758620689656,100.0,10,12,3.5763971062833297,0
1.0,0.09274552397974097,83.6551724137931,100.0,10,12,3.6325596334415584,0
1.0,0.09460039820476727,84.9655172413793,100.0,10,12,3.544652994264296,0
1.0,0.09529021263671572,85.58620689655173,100.0,10,12,3.631523514372083,0
1.0,0.09640010072809928,86.03448275862068,100.0,10,12,3.728802313695554,0
1.0,0.09700003808422769,86.72413793103448,100.0,10,11,3.772531229994876,0
1.0,0.09779487619281359,87.0,100.0,10,11,3.777212937446146,0
1.0,0.09862673259012869,87.44827586206897,100.0,10,11,3.726184061639725,0
1.0,0.098988795164399,87.89655172413794,100.0,10,11,3.7926124933752496,0
1.0,0.09971165260847419,88.17241379310344,100.0,10,11,3.7684002355487425,0
1.0,0.10064399843266852,88.27586206896552,100.0,10,11,3.766464039617465,0
1.0,0.10107568942247583,88.51724137931035,100.0,10,11,3.780930431008179,0
1.0,0.1015377453519225,88.82758620689656,100.0,10,10,3.726659790859885,0
1.0,0.1027602420993548,88.9655172413793,100.0,10,10,3.65405876223022,0
1.0,0.10448300185450268,89.20689655172414,100.0,10,10,3.8037520712974664,0
1.0,0.105789936045545,89.10344827586206,100.0,10,10,3.8037513606067046,0
1.0,0.10679458740702243,89.06896551724138,100.0,10,10,3.819226599362083,0
1.0,0.10778077287219959,89.17241379310344,100.0,10,10,3.803678064196244,0
1.0,0.10829541761364096,89.24137931034483,100.0,10,10,3.79240823282161,0
1.0,0.10884412698819566,88.9655172413793,100.0,10,10,3.736452971105609,0
1.0,0.10977237674437215,89.10344827586206,100.0,10,10,3.7357784802300187,0
1.0,0.1105912945655592,89.17241379310344,100.0,10,10,3.744032522493084,0
1.0,0.11106243677933254,89.17241379310344,100.0,10,10,3.698453468465497,0
1.0,0.11135105624485565,89.10344827586206,100.0,10,10,3.6983221436028537,0
1.0,0.11249439969118379,89.17241379310344,100.0,10,10,3.707531305284077,0
1.0,0.113370081398374,89.17241379310344,100.0,10,10,3.796454569698413,0
1.0,0.11402195220844971,89.17241379310344,100.0,10,10,3.7567207372646902,0
1.0,0.11453404448185447,89.17241379310344,100.0,10,10,3.695884581076139,0
1.0,0.11549308326540138,89.20689655172414,100.0,10,10,3.776115116167797,0
1.0,0.1158939892059929,89.03448275862068,100.0,10,10,3.7499196741098633,0
1.0,0.11640585076882597,88.82758620689656,100.0,10,10,3.722870451797382,0
1.0,0.11753665579504075,89.10344827586206,100.0,10,10,3.7049243262236082,0
1.0,0.11872741335531085,89.0,100.0,10,10,3.704901051637295,0
1.0,0.1200921640167514,88.75862068965517,100.0,10,10,3.6380612874287697,0
1.0,0.1208688629645809,88.55172413793103,100.0,10,10,3.687460079522179,0
1.0,0.12160227742674636,88.75862068965517,100.0,10,10,3.7440753988655406,0
1.0,0.12190101969448652,88.82758620689656,100.0,10,10,3.695499523995965,0
1.0,0.12249192866166175,88.62068965517241,100.0,10,10,3.7426636314886648,0
1.0,0.12292846009354545,88.51724137931035,100.0,10,10,3.698785259127992,0
1.0,0.12302511356958874,88.72413793103448,100.0,10,10,3.6524131943065528,0
1.0,0.12302860713448774,88.24137931034483,100.0,10,10,3.7158320428830356,0
1.0,0.12315574488464562,88.51724137931035,100.0,10,10,3.6041534011586145,0
1.0,0.12301732067983376,88.75862068965517,100.0,10,10,3.652620976293983,0
1.0,0.12330579808832057,88.75,100.0,10,10,3.614077867818734,0
1.0,0.12296689672040619,88.55172413793103,99.0,10,10,3.569828881100455,0
1.0,0.12318341827900453,88.62068965517241,98.0,10,10,3.7163296854192964,0
1.0,0.12290661912649727,88.58620689655173,97.0,10,10,3.699214904607852,0
1.0,0.12266872918028093,88.48275862068965,96.0,10,10,3.690221293568543,0
1.0,0.12214807225025831,88.24137931034483,95.0,10,10,3.711892733122496,0
1.0,0.12234027103072886,88.27586206896552,94.0,9,10,3.6526459506719267,0
1.0,0.12141383295562926,88.06896551724138,93.0,9,10,3.618634309128167,0
1.0,0.1210923966015063,87.89655172413794,92.0,9,10,3.673911963246232,0
1.0,0.12077220431702522,87.72413793103448,91.0,9,10,3.666327814735893,0
1.0,0.12002922836362348,87.44827586206897,90.0,9,10,3.5265119206911413,0
1.0,0.11944413561883048,87.3103448275862,89.0,9,10,3.6274710116745985,0
1.0,0.11787731780938239,86.75862068965517,87.0,9,10,3.6540389984006847,0
1.0,0.11769711295829315,86.6896551724138,86.0,8,10,3.477264853743745,0
1.0,0.11713100716988349,86.10344827586206,85.0,8,10,3.514014584312891,0
1.0,0.11621158169187973,85.79310344827586,84.0,8,10,3.4363488476499366,0
1.0,0.11574540397553486,85.72413793103448,83.0,8,10,3.4276368891952393,0
1.0,0.11493093732056849,85.41379310344827,82.0,8,10,3.5413897265589354,0
1.0,0.11416252377804961,84.9655172413793,81.0,8,9,3.537496390787709,0
1.0,0.11400912295532932,84.20689655172414,80.0,8,9,3.4884921379815372,0
1.0,0.1136957714157263,83.62068965517241,79.0,8,9,3.4419569019022322,0
1.0,0.11288827971131367,83.10344827586206,78.0,8,9,3.4428748404003615,0
1.0,0.11240263190071809,82.58620689655173,77.0,7,9,3.434325185680059,0
1.0,0.11192672760304678,81.82758620689656,76.0,7,9,3.3732342433836733,0
1.0,0.11070588536796382,81.58620689655173,75.0,7,9,3.325283828584185,0
1.0,0.10991195695377495,80.79310344827586,74.0,7,9,3.3306225871207396,0
1.0,0.1076225373095213,79.10344827586206,72.0,7,8,3.254452443610512,0
1.0,0.10659677548982177,78.48275862068965,71.0,7,8,3.1795068431603837,0
1.0,0.10561525190792509,77.82758620689656,70.0,7,8,3.209851158918606,0
1.0,0.10503324100085966,77.06896551724138,69.0,7,8,3.209888950974746,0
1.0,0.10430695437078707,76.24137931034483,68.0,6,8,3.1726110670941106,0
1.0,0.10330675273691728,75.24137931034483,67.0,6,8,3.1342019228689137,0
1.0,0.10239770384693472,74.58620689655173,66.0,6,8,3.1057784032337374,0
1.0,0.10183797052686716,73.6551724137931,65.0,6,8,3.0340816843141103,0
1.0,0.1008423041784402,72.72413793103448,64.0,6,7,2.997561090734573,0
1.0,0.10027519053708457,71.89655172413794,63.0,6,7,2.9638184794955564,0
1.0,0.09979464162321501,70.9655172413793,62.0,6,7,2.9403672750857286,0
1.0,0.09863348489654057,70.20689655172414,61.0,6,7,2.865658902391627,0
1.0,0.0978990065838226,69.13793103448276,60.0,6,7,2.8595375428118137,0
1.0,0.09705289862481709,68.17241379310344,59.0,6,7,2.753967244299245,0
1.0,0.095767657249462,67.44827586206897,58.0,5,7,2.742354130059964,0
1.0,0.09477839412983899,66.44827586206897,57.0,5,7,2.667511425636499,0
1.0,0.09400182506653915,65.55172413793103,56.0,5,7,2.64763112479827,0
1.0,0.0907170186738961,63.93103448275862,54.0,5,6,2.6214001024891322,0
1.0,0.08945583676644935,62.93103448275862,53.0,5,6,2.5538977052344047,0
1.0,0.08767706513384618,62.10344827586207,52.0,5,6,2.493923199005472,0
1.0,0.08643905748917635,61.275862068965516,51.0,5,6,2.526818403157624,0
1.0,0.08520966947993015,60.41379310344828,50.0,5,6,2.464104932081625,0
1.0,0.08421905760020801,59.6551724137931,49.0,4,6,2.437652759343466,0
1.0,0.08295071794325172,58.62068965517241,48.0,4,6,2.407334159296945,0
1.0,0.08193399146785665,57.689655172413794,47.0,4,6,2.373451133367214,0
1.0,0.08069562122093331,56.793103448275865,46.0,4,6,2.287285232473494,0
1.0,0.07968162829985949,55.93103448275862,45.0,4,6,2.294613671458325,0
1.0,0.07852634735005586,54.96551724137931,44.0,4,5,2.220737995092826,0
1.0,0.07720715052437391,53.89655172413793,43.0,4,5,2.1561885403256102,0
1.0,0.07549959642793838,52.86206896551724,42.0,4,5,2.16092860648093,0
1.0,0.07422252146534447,51.93103448275862,41.0,4,5,2.121447964472238,0
1.0,0.07330593024266345,50.93103448275862,40.0,4,5,1.9992901334106188,0
1.0,0.07174065517415928,49.96551724137931,39.0,4,5,2.0396475042270725,0
1.0,0.07121017329309101,49.172413793103445,38.0,4,5,1.9468053027399457,0
1.0,0.06962908188999374,47.37931034482759,36.0,3,5,1.8878087637008947,0
1.0,0.06814007524769461,46.48275862068965,35.0,3,4,1.875064775234229,0
1.0,0.06777035140569312,45.58620689655172,34.0,3,4,1.813010105051642,0
1.0,0.06703394263124919,44.689655172413794,33.0,3,4,1.800573673465885,0
1.0,0.06639025729724458,43.724137931034484,32.0,3,4,1.7783362795599431,0
1.0,0.0660344794955906,42.82758620689655,31.0,3,4,1.7143674466164152,0
1.0,0.06538835226385699,41.93103448275862,30.0,3,4,1.7094195075464416,0
1.0,0.06514956658762716,40.96551724137931,29.0,3,4,1.6759078794966218,0
1.0,0.06492440277335455,40.10344827586207,28.0,3,4,1.6208885153431076,0
1.0,0.06389517265648964,39.206896551724135,27.0,2,4,1.5851171300557567,0
1.0,0.06359220063706209,38.13793103448276,26.0,2,4,1.5358487421567055,0
1.0,0.06330672687073909,37.06896551724138,25.0,2,4,1.505705021268473,0
1.0,0.06277593171558152,36.13793103448276,24.0,2,4,1.4758417357916307,0
1.0,0.06254160368211661,35.06896551724138,23.0,2,3,1.396969323597019,0
1.0,0.06222834658371056,34.172413793103445,22.0,2,3,1.3864916011371464,0
1.0,0.06152033722856492,33.275862068965516,21.0,2,3,1.347357335049163,0
1.0,0.06050834444022755,32.310344827586206,20.0,2,3,1.286564035912749,0
1.0,0.06013576164045837,31.448275862068964,19.0,2,3,1.251914926643233,0
1.0,0.05982492851482912,30.586206896551722,18.0,2,3,1.2069997753689816,0
1.0,0.059143149525344954,28.724137931034484,16.0,1,3,1.180773897100513,0
1.0,0.05884774028367982,27.82758620689655,15.0,1,3,1.1123089471696024,0
1.0,0.058660782723177554,27.0,14.0,1,3,1.0953856269446225,0
1.0,0.058403052177432996,26.068965517241377,13.0,1,2,1.0764248442062032,0
1.0,0.058046770298071565,25.068965517241377,12.0,1,2,1.025480118990885,0
1.0,0.05767297225567888,24.241379310344826,11.0,1,2,0.9646234425832468,0
1.0,0.05744745620201016,23.241379310344826,10.0,1,2,0.9308300842773191,0
1.0,0.05728312431461261,22.310344827586206,9.0,1,2,0.90123078917464,0
1.0,0.057064259255183346,21.344827586206897,8.0,1,2,0.8437564955726018,0
1.0,0.056933978322358414,20.310344827586206,7.0,1,2,0.8376634749382892,0
1.0,0.056683308664508776,19.379310344827587,6.0,1,2,0.7951508297686162,0
1.0,0.05647710053100777,18.482758620689655,5.0,1,2,0.7449578178497632,0
1.0,0.056130353704755886,17.482758620689655,4.0,1,2,0.716478264291352,0
1.0,0.055888292441053845,16.482758620689655,3.0,1,1,0.6582803351674144,0
1.0,0.05563355225542909,15.551724137931034,2.0,1,1,0.6257550858322021,0
1.0,0.055494090507382396,14.620689655172413,1.0,1,1,0.589551377646337,0
1.0,0.0554134537936899,13.724137931034482,1.0,1,1,0.5393207971708803,0
1.0,0.0553975774229495,12.758620689655173,1.0,1,1,0.5011969368745082,0
1.0,0.05611882189161411,11.10344827586207,1.0,1,1,0.45803463039858816,0
1.0,0.05503825512160674,10.344827586206897,1.0,1,1,0.42835859201240456,0
1.0,0.055019502135722584,9.551724137931034,1.0,1,1,0.4094661452073126,0
1.0,0.05498621025905656,8.89655172413793,1.0,1,1,0.36268720287359746,0
1.0,0.0550138637856281,8.241379310344827,1.0,1,1,0.33949873471923486,0
1.0,0.05498259971942362,7.517241379310344,1.0,1,1,0.3154256929975345,0
1.0,0.05499886092668518,6.896551724137931,1.0,1,1,0.2858270722010309,0
1.0,0.05490672289743089,6.275862068965517,1.0,1,1,0.2637201947950827,0
1.0,0.0548616406317859,5.689655172413793,1.0,1,1,0.24037925253031825,0
1.0,0.054804619650275915,5.1034482758620685,1.0,1,1,0.22264689558918205,0
1.0,0.05481349584741334,4.551724137931035,1.0,1,1,0.19472753022839823,0
1.0,0.05460569327791265,4.068965517241379,1.0,1,1,0.17176363221574426,0
1.0,0.05378860562206455,3.586206896551724,1.0,1,1,0.14267907183046272,0
1.0,0.053626737555698335,3.2413793103448274,1.0,1,1,0.14477664088464023,0
1.0,0.05342077011855807,2.8620689655172415,1.0,1,1,0.12533703046686018,0
1.0,0.053187273651498876,2.4827586206896552,1.0,1,1,0.11086137119365369,0
1.0,0.05301127401289377,2.206896551724138,1.0,1,1,0.1047629983119486,0
1.0,0.05304595620572411,1.9310344827586206,1.0,1,1,0.08553753727666896,0
1.0,0.05300434353068235,1.4827586206896552,1.0,1,1,0.06812048666084151,0
1.0,0.052824504154876474,1.3103448275862069,1.0,1,1,0.05885176899190412,0
1.0,0.052717887773774154,1.1379310344827587,1.0,1,1,0.04851958102368546,0
1.0,0.052613946600084956,1.0689655172413792,1.0,1,1,0.050094193369784205,0
1.0,0.052448046873959694,1.0344827586206897,1.0,1,1,0.0451191857354675,0
1.0,0.05235490803746324,1.0,1.0,1,1,0.04679367062252566,0
1.0,0.0520789201061788,0.9655172413793103,1.0,1,1,0.045312866206705486,0
1.0,0.051924029260684394,0.9655172413793103,1.0,1,1,0.045756837098694804,0
1.0,0.051872061143035726,0.9655172413793103,1.0,1,1,0.045572598529413776,0
1.0,0.051893150275869285,0.9655172413793103,1.0,1,1,0.046316813225465235,0
1.0,0.051858993823702924,0.9655172413793103,1.0,1,1,0.04356264222061212,0
1.0,0.051393845063118664,0.9310344827586207,1.0,1,1,0.04511230475911304,0
1.0,0.051244973719781775,0.9310344827586207,1.0,1,1,0.043109583794307,0
1.0,0.051234122059287956,0.9310344827586207,1.0,1,1,0.0440823525203001,0
1.0,0.0512679904094149,0.9310344827586207,1.0,1,1,0.04333059087411867,0
1.0,0.051120306951737665,0.9310344827586207,1.0,1,1,0.046016521488732094,0
1.0,0.05125938904923278,0.9310344827586207,1.0,1,1,0.042806813485324835,0
1.0,0.051258321303050663,0.9310344827586207,1.0,1,1,0.04251012328457378,0
1.0,0.051576994601447115,0.9310344827586207,1.0,1,1,0.043411224236402854,0
1.0,0.05187118007440651,0.9310344827586207,1.0,1,1,0.04238958030952137,0
1.0,0.052230718081727905,0.9310344827586207,1.0,1,1,0.044553585500392574,0
1.0,0.05217757019905448,0.9655172413793103,1.0,1,1,0.040969719470716946,0
1.0,0.05208031823346566,0.9655172413793103,1.0,1,1,0.04178524547898324,0
1.0,0.05230973250439913,0.9655172413793103,1.0,1,1,0.04178616009526536,0
1.0,0.05265559447350045,0.9655172413793103,1.0,1,1,0.042861652839133874,0
1.0,0.05294914676274442,0.9655172413793103,1.0,1,1,0.042656180314937155,0
1.0,0.053258582796060897,0.9655172413793103,1.0,1,1,0.04085195882601261,0
1.0,0.05367963167082053,0.9655172413793103,1.0,1,1,0.04378908380629491,0
1.0,0.05405198960271754,0.9655172413793103,1.0,1,1,0.043347821503866894,0
1.0,0.05433979409756123,0.9655172413793103,1.0,1,1,0.041926210834059494,0
1.0,0.05456936133365768,0.9310344827586207,1.0,1,1,0.0436615423116772,0
1.0,0.05488511183648371,0.9310344827586207,1.0,1,1,0.042987324762113636,0
1.0,0.05503862996642888,0.9310344827586207,1.0,1,1,0.04109706251678979,0
1.0,0.055170690724480664,0.9310344827586207,1.0,1,1,0.043371324568845925,0
1.0,0.055171909368813464,0.9310344827586207,1.0,1,1,0.04067245376516217,0
1.0,0.055243017232636964,0.9310344827586207,1.0,1,1,0.04414017017465642,0
1.0,0.055264520875555584,0.9310344827586207,1.0,1,1,0.043973399475179004,0
1.0,0.055261380589789556,0.9310344827586207,1.0,1,1,0.04126703077872304,0
1.0,0.055283103411316654,0.9655172413793103,1.0,1,1,0.04395873882285249,0
1.0,0.05533954180412235,0.9655172413793103,1.0,1,1,0.04344939345894449,0
1.0,0.055333021964932935,0.9655172413793103,1.0,1,1,0.04261303200722243,0
1.0,0.05533539639340493,0.9655172413793103,1.0,1,1,0.0433243338131524,0
1.0,0.055353880464800956,0.9655172413793103,1.0,1,1,0.043157172089889936,0
1.0,0.055364122268266716,0.9655172413793103,1.0,1,1,0.04427938122923561,0
1.0,0.0553834330182456,0.9655172413793103,1.0,1,1,0.04431741978461154,0
1.0,0.05538898428611511,0.9655172413793103,1.0,1,1,0.04328303918843787,0
1.0,0.055368500518332954,0.9655172413793103,1.0,1,1,0.04137330404930682,0
1.0,0.055287838036097776,0.9655172413793103,1.0,1,1,0.043363655301715535,0
1.0,0.054554886127615734,0.9310344827586207,1.0,1,1,0.04388031568192202,0
1.0,0.05464248190930283,0.9310344827586207,1.0,1,1,0.041933732068937773,0
1.0,0.05458033226802529,0.9310344827586207,1.0,1,1,0.044279445302731146,0
1.0,0.0545561298217113,0.9310344827586207,1.0,1,1,0.04400741263678329,0
1.0,0.05447095183964328,0.9310344827586207,1.0,1,1,0.04389674511056404,0
1.0,0.05443660432177109,0.9310344827586207,1.0,1,1,0.043571060743429944,0
1.0,0.054531659107591876,0.9310344827586207,1.0,1,1,0.04143412953533703,0
1.0,0.05453321210747422,0.9310344827586207,1.0,1,1,0.04546013141538041,0
1.0,0.05456927108947899,0.9310344827586207,1.0,1,1,0.04423054405255134,0
1.0,0.054575620000183074,0.9655172413793103,1.0,1,1,0.04268713085745442,0
1.0,0.05460787680385692,0.9655172413793103,1.0,1,1,0.043242020159595905,0
1.0,0.05442317908948877,0.9655172413793103,1.0,1,1,0.041186720491108296,0
1.0,0.05441757535728746,0.9655172413793103,1.0,1,1,0.0431715583508015,0
1.0,0.05446748476814329,0.9655172413793103,1.0,1,1,0.04203908759905768,0
1.0,0.05448079860746345,0.9655172413793103,1.0,1,1,0.04022243927636693,0
1.0,0.05447522216114261,0.9655172413793103,1.0,1,1,0.04125363122512895,0
1.0,0.05444781728614803,0.9655172413793103,1.0,1,1,0.04258712888888921,0
1.0,0.054494892125408756,0.9655172413793103,1.0,1,1,0.04263412463963815,0
1.0,0.05448736160046379,0.9310344827586207,1.0,1,1,0.041559753852201495,0
1.0,0.054498484321941626,0.9310344827586207,1.0,1,1,0.0442737108984415,0
1.0,0.05446851628624114,0.9310344827586207,1.0,1,1,0.042663917897009004,0
1.0,0.054511437839729684,0.9310344827586207,1.0,1,1,0.04223258467023121,0
1.0,0.05433568735757685,0.9310344827586207,1.0,1,1,0.04215091915045717,0
1.0,0.054293364553944096,0.9310344827586207,1.0,1,1,0.039847222222223984,0
1.0,0.05425427607172294,0.9310344827586207,1.0,1,1,0.043298065275328354,0
1.0,0.05432440591097735,0.9310344827586207,1.0,1,1,0.04263746308535904,0
1.0,0.054404352946741195,0.9310344827586207,1.0,1,1,0.04263746308535904,0
1.0,0.054399865553932614,0.9655172413793103,1.0,1,1,0.04319562073951472,0
1.0,0.05436267714334722,0.9655172413793103,1.0,1,1,0.04159458432021865,0
1.0,0.054415733232677406,0.9655172413793103,1.0,1,1,0.04192528197119566,0
1.0,0.054482462232694415,0.9655172413793103,1.0,1,1,0.042134339806839304,0
1.0,0.054606566036194897,0.9655172413793103,1.0,1,1,0.04044589321860911,0
1.0,0.05467836707183388,0.9655172413793103,1.0,1,1,0.043012490241998234,0
1.0,0.054881893946782966,0.9655172413793103,1.0,1,1,0.04083462121759041,0
1.0,0.054872314839615556,0.9655172413793103,1.0,1,1,0.04191538222819597,0
1.0,0.05478209044667892,0.9655172413793103,1.0,1,1,0.03957339442257468,0
1.0,0.05465277694575806,0.9310344827586207,1.0,1,1,0.04311271177097459,0
1.0,0.0545700939639408,0.9310344827586207,1.0,1,1,0.04075887116278403,0
1.0,0.054481116536018295,0.9310344827586207,1.0,1,1,0.04187358666651217,0
1.0,0.054377642268134095,0.9310344827586207,1.0,1,1,0.04271050490040031,0
1.0,0.05423362905392943,0.9310344827586207,1.0,1,1,0.04276569946733632,0
1.0,0.054255133643242255,0.9310344827586207,1.0,1,1,0.04012095132034658,0
1.0,0.054157209000290356,0.9310344827586207,1.0,1,1,0.04228754016170305,0
1.0,0.054150427553785054,0.9310344827586207,1.0,1,1,0.041971361598042066,0
1.0,0.05414081394662519,0.9310344827586207,1.0,1,1,0.042206829440906174,0
1.0,0.05409740516097372,0.9655172413793103,1.0,1,1,0.04193650234328162,0
1.0,0.054074975267992285,0.9655172413793103,1.0,1,1,0.041717839125563906,0
1.0,0.05404272651802395,0.9655172413793103,1.0,1,1,0.041717839125563906,0
1.0,0.0540516102143686,0.9655172413793103,1.0,1,1,0.04183275408109856,0
1.0,0.054020439107262064,0.9655172413793103,1.0,1,1,0.043036962342223935,0
1.0,0.05399909332157092,0.9655172413793103,1.0,1,1,0.040921522376095545,0
1.0,0.05399446044663948,0.9655172413793103,1.0,1,1,0.04235527515407939,0
1.0,0.05403965642874806,0.9655172413793103,1.0,1,1,0.04298903055773171,0
1.0,0.05400587535729885,0.9655172413793103,1.0,1,1,0.041606065902754306,0
1.0,0.053993058072889906,0.9310344827586207,1.0,1,1,0.04181165633304044,0
1.0,0.05405485685478198,0.9310344827586207,1.0,1,1,0.041133797255193755,0
1.0,0.05405231603604729,0.9310344827586207,1.0,1,1,0.04225491849353354,0
1.0,0.05394795212539196,0.9310344827586207,1.0,1,1,0.04030496668319131,0
1.0,0.05390818439315938,0.9310344827586207,1.0,1,1,0.04114457598282819,0
1.0,0.05402992121461076,0.9310344827586207,1.0,1,1,0.04266296953564086,0
1.0,0.054128883857629255,0.9310344827586207,1.0,1,1,0.04410287568612818,0
1.0,0.0541840632682319,0.9310344827586207,1.0,1,1,0.041734594440431344,0
1.0,0.05409280623254225,0.9310344827586207,1.0,1,1,0.042613565628019844,0
1.0,0.054084639768266884,0.9655172413793103,1.0,1,1,0.04228735356580275,0
