cores,rts,tr,users,replica,util,mem
1.0,0.0,0.0,,3,0.0,0.0
1.0,0.0,0.0,0.0,3,0.0,0.0
1.0,0.0993937621819062,0.022116666666666666,1.0,3,0.0,0.0
1.0,0.08630074809403242,0.07803333333333334,3.0,3,0.0,0.0
1.0,0.0708629254759967,0.14915555555555557,5.0,3,0.0,0.0
1.0,0.0647854913847695,0.25497500000000006,6.0,3,0.0,0.0
1.0,0.06086740067970517,0.37681,8.0,3,0.0,0.0
1.0,0.05773748328031367,0.5507666666666666,10.0,3,0.0,0.0
1.0,0.0560510504724595,0.7232595238095239,11.0,3,0.0,0.0
1.0,0.054651979901779404,0.92981875,13.0,3,0.0,0.0
1.0,0.05340027987084609,1.187859259259259,15.0,3,0.0,0.0
1.0,0.057969780781630606,1.4787833333333331,16.0,3,0.0,0.0
1.0,0.058009420394769036,1.7731818181818182,18.0,3,0.0,0.0
1.0,0.057820053495954295,2.1191666666666666,20.0,3,0.0,0.0
1.0,0.057211498679044265,2.4288000000000003,21.0,3,0.0,0.0
1.0,0.056530318297951,2.7549761904761905,23.0,3,0.0,0.0
1.0,0.056100304079537276,3.132698888888889,25.0,3,0.0,0.0
1.0,0.05578076681155487,3.561925,26.0,3,0.0,0.0
1.0,0.055430713836806304,4.042941176470587,28.0,3,0.0,0.0
1.0,0.055010000747565846,4.53995,30.0,3,0.0,0.0
1.0,0.054690173423423846,5.071066666666666,31.0,3,0.0,0.0
1.0,0.05436839807607909,5.62464,33.0,3,0.0,0.0
1.0,0.054121756805700236,6.224661111111112,35.0,3,0.0,0.0
1.0,0.05414052943728179,6.73647803030303,36.0,3,0.0,0.0
1.0,0.054534077734982034,7.38648115942029,38.0,3,0.0,0.0
1.0,0.05445659391350506,8.035781250000001,40.0,3,0.0,0.0
1.0,0.05445871596285003,8.701391999999998,41.0,3,0.0,0.0
1.0,0.05434849274177092,9.401599358974359,43.0,3,0.0,0.0
1.0,0.05425166007415435,10.122851234567902,45.0,3,0.0,0.0
1.0,0.05486454718145394,10.876486904761904,46.0,3,0.0,0.0
1.0,0.05500076593772829,11.558167816091954,48.0,3,0.0,0.0
1.0,0.055563760736708455,12.751233870967743,51.0,3,0.0,0.0
1.0,0.05730636181237631,13.638871875,53.0,3,0.0,0.0
1.0,0.058729392598434876,14.51098484848485,55.0,3,0.0,0.0
1.0,0.059025260868114195,15.383841176470588,56.0,3,0.0,0.0
1.0,0.05957550238156581,16.29222857142857,58.0,3,0.0,0.0
1.0,0.06001572255158897,17.219131944444445,60.0,3,0.0,0.0
1.0,0.060958100200639874,18.164651351351353,61.0,3,0.0,0.0
1.0,0.06204210939673448,19.17552587719298,63.0,3,0.0,0.0
1.0,0.06279609456828926,20.15027777777778,65.0,3,0.0,0.0
1.0,0.06406196264617561,21.14198,66.0,3,0.0,0.0
1.0,0.06457525066987435,22.19594634146341,68.0,3,0.0,0.0
1.0,0.06531022242468229,23.33275,70.0,3,0.0,0.0
1.0,0.06565185307223598,24.44899457364341,71.0,3,0.0,0.0
1.0,0.06610215003584322,25.592867045454543,73.0,3,0.0,0.0
1.0,0.06667211091847577,26.75546222222222,75.0,3,0.0,0.0
1.0,0.06711489017213917,27.927358695652174,76.0,3,0.0,0.0
1.0,0.06864753252416109,29.13032624113475,78.0,3,0.0,0.0
1.0,0.06935853053864934,30.377833333333328,80.0,3,0.0,0.0
1.0,0.07028540051348438,31.626208163265304,81.0,3,0.0,0.0
1.0,0.07313068318766558,32.80440333333334,83.0,3,0.0,0.0
1.0,0.07556994843759142,34.099798366013076,85.0,3,0.0,0.0
1.0,0.07863509303361241,35.27732788461538,86.0,3,0.0,0.0
1.0,0.08194399797559132,36.557099056603775,88.0,3,0.0,0.0
1.0,0.08652173711701586,37.7535962962963,90.0,3,0.0,0.0
1.0,0.09041431720134818,39.07152,91.0,3,0.0,0.0
1.0,0.09508411135401336,40.33337976190476,93.0,3,0.0,0.0
1.0,0.09994322676174044,41.57641871345029,95.0,3,0.0,0.0
1.0,0.10657196082319839,42.81505747126437,96.0,3,0.0,0.0
1.0,0.11274647386087776,44.06817118644067,98.0,3,0.0,0.0
1.0,0.1193042354771772,45.31291920903954,99.0,3,0.0,0.0
1.0,0.1255817154455236,46.603254237288134,100.0,3,0.0,0.0
1.0,0.1324666149879973,47.88135593220339,100.0,3,0.0,0.0
1.0,0.1368138231506155,49.0,100.0,3,0.0,0.0
1.0,0.14341525474856545,50.016949152542374,100.0,3,0.0,0.0
1.0,0.15030490126286797,51.067796610169495,100.0,3,0.0,0.0
1.0,0.15512654574911566,52.35593220338983,100.0,3,0.0,0.0
1.0,0.1586256435292525,53.32203389830509,100.0,3,0.0,0.0
1.0,0.16370083040748223,54.40677966101695,100.0,3,0.0,0.0
1.0,0.17274892384788393,56.13559322033898,100.0,3,0.0,0.0
1.0,0.17920639753750214,57.16949152542373,100.0,3,0.0,0.0
1.0,0.18316231395087051,58.11864406779661,100.0,3,0.0,0.0
1.0,0.1875601002249415,59.0,100.0,3,0.0,0.0
1.0,0.19159520047273945,59.983050847457626,100.0,3,0.0,0.0
1.0,0.1951887111597519,60.79661016949152,100.0,3,0.0,0.0
1.0,0.200012904169936,61.54237288135593,100.0,3,0.0,0.0
1.0,0.2049558381185735,62.186440677966104,100.0,3,0.0,0.0
1.0,0.21074271342326775,62.83050847457627,100.0,3,0.0,0.0
1.0,0.21499784683356712,63.644067796610166,100.0,3,0.0,0.0
1.0,0.21827965098523466,64.23728813559322,100.0,3,0.0,0.0
1.0,0.2233755489557167,65.05084745762711,100.0,3,0.0,0.0
1.0,0.22627846551550648,65.62711864406779,100.0,3,0.0,0.0
1.0,0.23003175758091235,66.20338983050847,100.0,3,0.0,0.0
1.0,0.23450923857455583,66.84745762711864,100.0,3,0.0,0.0
1.0,0.23836894182429352,67.42372881355932,100.0,3,0.0,0.0
1.0,0.24231924587444673,67.89830508474576,100.0,3,0.0,0.0
1.0,0.24610994173880713,68.45762711864407,100.0,3,0.0,0.0
1.0,0.25004578260419297,68.89830508474576,100.0,3,0.0,0.0
1.0,0.2544626899356697,69.54237288135593,100.0,3,0.0,0.0
1.0,0.2586919834427329,69.83050847457628,100.0,3,0.0,0.0
1.0,0.26432987907819894,70.23728813559322,100.0,3,0.0,0.0
1.0,0.27145598276990773,70.9322033898305,100.0,3,0.0,0.0
1.0,0.27494908946877505,71.33898305084746,100.0,3,0.0,0.0
1.0,0.2788424925931573,71.61016949152543,100.0,3,0.0,0.0
1.0,0.28237204668237287,72.03389830508475,100.0,3,0.0,0.0
1.0,0.286984172213234,72.10169491525424,100.0,3,0.0,0.0
1.0,0.2917534493765142,72.38983050847457,100.0,3,0.0,0.0
1.0,0.2950954475344449,72.62711864406779,100.0,3,0.0,0.0
1.0,0.29953823235206933,72.7457627118644,100.0,3,0.0,0.0
1.0,0.303655316214505,73.01694915254237,100.0,3,0.0,0.0
1.0,0.3079277396827664,73.08474576271186,100.0,3,0.0,0.0
1.0,0.31241940741562757,73.20338983050847,100.0,3,0.0,0.0
1.0,0.3174179132261028,73.16949152542372,100.0,3,0.0,0.0
1.0,0.3229875802634981,73.27118644067797,100.0,3,0.0,0.0
1.0,0.3268257283759479,73.35593220338983,100.0,3,0.0,0.0
1.0,0.33083908972263043,73.32203389830508,100.0,3,0.0,0.0
1.0,0.3347803456606063,73.35593220338983,100.0,3,0.0,0.0
1.0,0.33870956718020734,73.37288135593221,100.0,3,0.0,0.0
1.0,0.3422105637295678,73.32203389830508,100.0,3,0.0,0.0
1.0,0.34619513511385364,73.40677966101696,100.0,3,0.0,0.0
1.0,0.3491630824787777,73.38983050847457,100.0,3,0.0,0.0
1.0,0.35144928362568933,73.30508474576271,100.0,3,0.0,0.0
1.0,0.35370557409972303,73.44067796610169,100.0,3,0.0,0.0
1.0,0.35665378137091225,73.44067796610169,100.0,3,0.0,0.0
1.0,0.3572259079319367,73.44067796610169,100.0,3,0.0,0.0
1.0,0.35874515739973795,73.44067796610169,100.0,3,0.0,0.0
1.0,0.35882331901733816,73.38983050847457,100.0,3,0.0,0.0
1.0,0.3586171928380392,73.45762711864407,99.0,3,0.0,0.0
1.0,0.3577692282376038,73.40677966101696,98.0,3,0.0,0.0
1.0,0.3581989393203524,73.47457627118644,97.0,3,0.0,0.0
1.0,0.3563184702304959,73.57627118644068,96.0,3,0.0,0.0
1.0,0.35477984783905864,73.55932203389831,95.0,3,0.0,0.0
1.0,0.35473536016790613,73.33898305084746,94.0,3,0.0,0.0
1.0,0.3533060947336605,73.57627118644068,93.0,3,0.0,0.0
1.0,0.35111446130890556,73.45762711864407,92.0,3,0.0,0.0
1.0,0.3486732286744931,73.59322033898304,91.0,3,0.0,0.0
1.0,0.34474834632500007,73.76271186440678,90.0,3,0.0,0.0
1.0,0.34143595054338804,73.55932203389831,89.0,3,0.0,0.0
1.0,0.340490711339775,73.64406779661017,88.0,3,0.0,0.0
1.0,0.33765484785468525,73.62711864406779,87.0,3,0.0,0.0
1.0,0.3344702619685129,73.64406779661017,86.0,3,0.0,0.0
1.0,0.33116135767065685,73.66101694915254,85.0,3,0.0,0.0
1.0,0.32670939561332185,73.72881355932203,84.0,3,0.0,0.0
1.0,0.32194836027726975,73.86440677966101,83.0,3,0.0,0.0
1.0,0.3160836568329535,73.96610169491525,82.0,3,0.0,0.0
1.0,0.3123080422298364,73.86440677966101,81.0,3,0.0,0.0
1.0,0.3093794996648366,73.86440677966101,80.0,3,0.0,0.0
1.0,0.3007032486464089,73.79661016949153,78.0,3,0.0,0.0
1.0,0.2964901697979737,73.79661016949153,77.0,3,0.0,0.0
1.0,0.2916273932806506,73.67796610169492,76.0,3,0.0,0.0
1.0,0.28723201289631106,73.61016949152543,75.0,3,0.0,0.0
1.0,0.282938641828496,73.61016949152543,74.0,3,0.0,0.0
1.0,0.2792469238513399,73.42372881355932,73.0,3,0.0,0.0
1.0,0.2745803300352357,73.45762711864407,72.0,3,0.0,0.0
1.0,0.26968179477946264,73.20338983050847,71.0,3,0.0,0.0
1.0,0.2653315348091936,73.16949152542372,70.0,3,0.0,0.0
1.0,0.2595204758058825,72.96610169491525,69.0,3,0.0,0.0
1.0,0.25608283698699974,72.94915254237289,68.0,3,0.0,0.0
1.0,0.25160622490798085,72.64406779661017,67.0,3,0.0,0.0
1.0,0.24745342537163026,72.44067796610169,66.0,3,0.0,0.0
1.0,0.24308140287685637,72.28813559322033,65.0,3,0.0,0.0
1.0,0.23909238893833562,71.91525423728814,64.0,3,0.0,0.0
1.0,0.23407627119871227,71.86440677966101,63.0,3,0.0,0.0
1.0,0.22881088998816157,71.55932203389831,62.0,3,0.0,0.0
1.0,0.22480177973189383,71.32203389830508,61.0,3,0.0,0.0
1.0,0.2200348678534564,71.13559322033899,60.0,3,0.0,0.0
1.0,0.21560433096430315,70.66101694915254,59.0,3,0.0,0.0
1.0,0.21120805947090876,70.42372881355932,58.0,3,0.0,0.0
1.0,0.20657996825336303,70.05084745762711,57.0,3,0.0,0.0
1.0,0.201472362671654,69.88135593220339,56.0,3,0.0,0.0
1.0,0.19564337647174126,69.50847457627118,55.0,3,0.0,0.0
1.0,0.1912667166417545,69.10169491525424,54.0,3,0.0,0.0
1.0,0.18725022846786216,68.72881355932203,53.0,3,0.0,0.0
1.0,0.18298480334223013,68.30508474576271,52.0,3,0.0,0.0
1.0,0.17766640236393083,67.94915254237289,51.0,3,0.0,0.0
1.0,0.17325820322893842,67.52542372881356,50.0,3,0.0,0.0
1.0,0.1673409624683273,67.0677966101695,49.0,3,0.0,0.0
1.0,0.16270398457659865,66.55932203389831,48.0,3,0.0,0.0
1.0,0.15796510242220146,66.22033898305085,47.0,3,0.0,0.0
1.0,0.15286860345560566,65.55932203389831,46.0,3,0.0,0.0
1.0,0.14846300629011522,65.11864406779661,45.0,3,0.0,0.0
1.0,0.14278750048635305,64.50847457627118,44.0,3,0.0,0.0
1.0,0.13827423310540565,64.01694915254237,43.0,3,0.0,0.0
1.0,0.13195524554023744,63.45762711864407,42.0,3,0.0,0.0
1.0,0.1268275142257613,63.0,41.0,3,0.0,0.0
1.0,0.12148472418202952,62.33898305084746,40.0,3,0.0,0.0
1.0,0.11656319397533342,61.728813559322035,39.0,3,0.0,0.0
1.0,0.11143373474382952,61.08474576271186,38.0,3,0.0,0.0
1.0,0.10687001290175517,60.45762711864407,37.0,3,0.0,0.0
1.0,0.10180224501412526,59.88135593220339,36.0,3,0.0,0.0
1.0,0.09710918181599171,59.23728813559322,35.0,3,0.0,0.0
1.0,0.09345432222492134,58.389830508474574,34.0,3,0.0,0.0
1.0,0.09051827639476762,57.67796610169491,33.0,3,0.0,0.0
1.0,0.08758031862845492,56.88135593220339,32.0,3,0.0,0.0
1.0,0.08447683648113988,56.13559322033898,31.0,3,0.0,0.0
1.0,0.08177667695510744,55.45762711864407,30.0,3,0.0,0.0
1.0,0.07704422315290907,54.32758620689655,28.0,3,0.0,0.0
1.0,0.07236557935121944,52.983050847457626,27.0,3,0.0,0.0
1.0,0.07088161447092087,52.13559322033898,26.0,3,0.0,0.0
1.0,0.06934687213977876,51.23728813559322,25.0,3,0.0,0.0
1.0,0.06779732900940871,50.3728813559322,24.0,3,0.0,0.0
1.0,0.06700445419875987,49.50847457627118,23.0,3,0.0,0.0
1.0,0.06535236075034129,48.644067796610166,22.0,3,0.0,0.0
1.0,0.06359849228692338,47.83050847457627,21.0,3,0.0,0.0
1.0,0.06258777690505168,46.932203389830505,20.0,3,0.0,0.0
1.0,0.06179176247974986,46.016949152542374,19.0,3,0.0,0.0
1.0,0.06110912165515222,45.101694915254235,18.0,3,0.0,0.0
1.0,0.0606470579095522,44.20338983050848,17.0,3,0.0,0.0
1.0,0.06022038346829501,43.271186440677965,16.0,3,0.0,0.0
1.0,0.05943852303802783,42.33898305084746,15.0,3,0.0,0.0
1.0,0.0581492488288486,41.47457627118644,14.0,3,0.0,0.0
1.0,0.057686270359961496,40.52542372881356,13.0,3,0.0,0.0
1.0,0.05709372582507549,39.610169491525426,12.0,3,0.0,0.0
1.0,0.05613532302320441,38.69491525423729,11.0,3,0.0,0.0
1.0,0.05545018037175453,37.76271186440678,10.0,3,0.0,0.0
1.0,0.054789701980242245,36.847457627118644,9.0,3,0.0,0.0
1.0,0.054326488333650357,35.932203389830505,8.0,3,0.0,0.0
1.0,0.05405374565567924,34.91525423728814,7.0,3,0.0,0.0
1.0,0.053877960407085486,33.983050847457626,6.0,3,0.0,0.0
1.0,0.053413837112147186,33.067796610169495,5.0,3,0.0,0.0
1.0,0.053212535815505974,32.11864406779661,4.0,3,0.0,0.0
1.0,0.05307947426302189,31.220338983050848,3.0,3,0.0,0.0
1.0,0.052809953991060476,30.271186440677965,2.0,3,0.0,0.0
1.0,0.05268422287588054,29.322033898305083,1.0,3,0.0,0.0
1.0,0.052490554947571,28.406779661016948,1.0,3,0.0,0.0
1.0,0.05237617477573843,27.47457627118644,1.0,3,0.0,0.0
1.0,0.052298714709111106,26.593220338983052,1.0,3,0.0,0.0
1.0,0.052113638372939385,25.64406779661017,1.0,3,0.0,0.0
1.0,0.05198123635817779,24.76271186440678,1.0,3,0.0,0.0
1.0,0.05171786837040561,23.89830508474576,1.0,3,0.0,0.0
1.0,0.0516516206791611,23.06779661016949,1.0,3,0.0,0.0
1.0,0.05160863705488719,22.220338983050848,1.0,3,0.0,0.0
1.0,0.051580518671429744,21.389830508474578,1.0,3,0.0,0.0
1.0,0.05149805706327992,20.610169491525422,1.0,3,0.0,0.0
1.0,0.05143512381454434,19.8135593220339,1.0,3,0.0,0.0
1.0,0.05134908465898624,19.06779661016949,1.0,3,0.0,0.0
1.0,0.051281840796496926,18.305084745762713,1.0,3,0.0,0.0
1.0,0.0512457768030989,17.54237288135593,1.0,3,0.0,0.0
1.0,0.05119852935448215,16.8135593220339,1.0,3,0.0,0.0
1.0,0.05106468038573999,16.152542372881356,1.0,3,0.0,0.0
1.0,0.05088480619298153,15.440677966101696,1.0,3,0.0,0.0
1.0,0.05072366496449077,14.779661016949152,1.0,3,0.0,0.0
1.0,0.05055168571103352,14.11864406779661,1.0,3,0.0,0.0
1.0,0.05055490042965157,13.474576271186441,1.0,3,0.0,0.0
1.0,0.05061287593421184,12.864406779661017,1.0,3,0.0,0.0
1.0,0.0506638170733104,12.23728813559322,1.0,3,0.0,0.0
1.0,0.05068957457703703,11.64406779661017,1.0,3,0.0,0.0
1.0,0.05079521033130006,11.033898305084746,1.0,3,0.0,0.0
1.0,0.050881784817170886,10.457627118644067,1.0,3,0.0,0.0
1.0,0.05078347605120534,9.915254237288135,1.0,3,0.0,0.0
1.0,0.05078185677020997,9.423728813559322,1.0,3,0.0,0.0
1.0,0.05086892338521426,8.915254237288135,1.0,3,0.0,0.0
1.0,0.051011040696809125,8.423728813559322,1.0,3,0.0,0.0
1.0,0.051067558204286274,7.9491525423728815,1.0,3,0.0,0.0
1.0,0.0511909240519568,7.491525423728813,1.0,3,0.0,0.0
1.0,0.05083002814667627,7.033898305084746,1.0,3,0.0,0.0
1.0,0.05082228299488633,6.559322033898305,1.0,3,0.0,0.0
1.0,0.05096299277264896,6.169491525423728,1.0,3,0.0,0.0
1.0,0.051123749568565274,5.796610169491525,1.0,3,0.0,0.0
1.0,0.051281735240667106,5.406779661016949,1.0,3,0.0,0.0
1.0,0.05078514706401497,5.016949152542373,1.0,3,0.0,0.0
1.0,0.0506437260691349,4.6440677966101696,1.0,3,0.0,0.0
1.0,0.05050744831893871,4.288135593220339,1.0,3,0.0,0.0
1.0,0.05421348771316326,3.6610169491525424,1.0,3,0.0,0.0
1.0,0.050987341025047504,3.3728813559322033,1.0,3,0.0,0.0
1.0,0.05120284883155759,3.1016949152542375,1.0,3,0.0,0.0
1.0,0.05136902472783124,2.847457627118644,1.0,3,0.0,0.0
1.0,0.051316579935484045,2.610169491525424,1.0,3,0.0,0.0
1.0,0.05139172975181772,2.3728813559322033,1.0,3,0.0,0.0
1.0,0.051363425315405324,2.1864406779661016,1.0,3,0.0,0.0
1.0,0.05163677178816061,1.9830508474576272,1.0,3,0.0,0.0
1.0,0.0523485772056655,1.8135593220338984,1.0,3,0.0,0.0
1.0,0.052557125979676905,1.6610169491525424,1.0,3,0.0,0.0
1.0,0.052658550707982095,1.5084745762711864,1.0,3,0.0,0.0
1.0,0.052794472792811575,1.3898305084745763,1.0,3,0.0,0.0
1.0,0.05273856564484672,1.2881355932203389,1.0,3,0.0,0.0
1.0,0.052981623128653156,1.1864406779661016,1.0,3,0.0,0.0
1.0,0.053339267621292194,1.11864406779661,1.0,3,0.0,0.0
1.0,0.053479904774283035,1.0508474576271187,1.0,3,0.0,0.0
1.0,0.05362200184760495,1.0,1.0,3,0.0,0.0
1.0,0.05387526561418398,0.9661016949152542,1.0,3,0.0,0.0
1.0,0.05398509137512519,0.9491525423728814,1.0,3,0.0,0.0
1.0,0.05394869573225541,0.9491525423728814,1.0,3,0.0,0.0
1.0,0.05401394321438601,0.9491525423728814,1.0,3,0.0,0.0
1.0,0.05402948689298422,0.9491525423728814,1.0,3,0.0,0.0
1.0,0.05390633933942419,0.9491525423728814,1.0,3,0.0,0.0
1.0,0.05395188435730752,0.9491525423728814,1.0,3,0.0,0.0
1.0,0.054009047589456065,0.9491525423728814,1.0,3,0.0,0.0
1.0,0.05399663157160311,0.9491525423728814,1.0,3,0.0,0.0
1.0,0.05410238169659871,0.9491525423728814,1.0,3,0.0,0.0
1.0,0.05413591680374858,0.9491525423728814,1.0,3,0.0,0.0
1.0,0.054007371000157685,0.9491525423728814,1.0,3,0.0,0.0
1.0,0.05400030523229101,0.9491525423728814,1.0,3,0.0,0.0
1.0,0.054021304678696785,0.9491525423728814,1.0,3,0.0,0.0
1.0,0.0539950831092111,0.9322033898305084,1.0,3,0.0,0.0
1.0,0.05400606894655928,0.9491525423728814,1.0,3,0.0,0.0
1.0,0.054039001982248785,0.9491525423728814,1.0,3,0.0,0.0
1.0,0.05404714167869835,0.9491525423728814,1.0,3,0.0,0.0
1.0,0.053991557000147496,0.9491525423728814,1.0,3,0.0,0.0
1.0,0.0539811905715786,0.9491525423728814,1.0,3,0.0,0.0
1.0,0.05404959741089702,0.9491525423728814,1.0,3,0.0,0.0
1.0,0.05397418055375575,0.9491525423728814,1.0,3,0.0,0.0
1.0,0.0539903615716152,0.9491525423728814,1.0,3,0.0,0.0
1.0,0.0540021667680516,0.9491525423728814,1.0,3,0.0,0.0
1.0,0.053926755375186985,0.9491525423728814,1.0,3,0.0,0.0
1.0,0.053969447696610065,0.9491525423728814,1.0,3,0.0,0.0
1.0,0.053970867625204325,0.9491525423728814,1.0,3,0.0,0.0
1.0,0.053910981160925076,0.9491525423728814,1.0,3,0.0,0.0
1.0,0.053828772714496154,0.9491525423728814,1.0,3,0.0,0.0
1.0,0.05393541771448846,0.9491525423728814,1.0,3,0.0,0.0
1.0,0.05388129094662223,0.9491525423728814,1.0,3,0.0,0.0
1.0,0.05382075239302659,0.9491525423728814,1.0,3,0.0,0.0
1.0,0.05384926028588259,0.9491525423728814,1.0,3,0.0,0.0
1.0,0.05385363789107281,0.9322033898305084,1.0,3,0.0,0.0
1.0,0.05381962946444218,0.9491525423728814,1.0,3,0.0,0.0
1.0,0.05378932889301983,0.9491525423728814,1.0,3,0.0,0.0
1.0,0.053839038303716995,0.9491525423728814,1.0,3,0.0,0.0
1.0,0.0537316799108599,0.9491525423728814,1.0,3,0.0,0.0
1.0,0.05370424312517181,0.9491525423728814,1.0,3,0.0,0.0
1.0,0.053769974143019025,0.9491525423728814,1.0,3,0.0,0.0
1.0,0.05372275296443669,0.9491525423728814,1.0,3,0.0,0.0
1.0,0.053491561696578815,0.9491525423728814,1.0,3,0.0,0.0
1.0,0.053545703839420505,0.9491525423728814,1.0,3,0.0,0.0
1.0,0.05397778858939871,0.9491525423728814,1.0,3,0.0,0.0
1.0,0.053981975714382964,0.9491525423728814,1.0,3,0.0,0.0
1.0,0.05403141483936581,0.9491525423728814,1.0,3,0.0,0.0
1.0,0.05392636796438767,0.9491525423728814,1.0,3,0.0,0.0
1.0,0.0539540700179454,0.9491525423728814,1.0,3,0.0,0.0
1.0,0.05399442258937727,0.9491525423728814,1.0,3,0.0,0.0
1.0,0.05402493178579399,0.9491525423728814,1.0,3,0.0,0.0
1.0,0.05403740353576073,0.9491525423728814,1.0,3,0.0,0.0
1.0,0.054030800854624514,0.9322033898305084,1.0,3,0.0,0.0
1.0,0.05400732165461788,0.9322033898305084,1.0,3,0.0,0.0
1.0,0.05399347191080649,0.9491525423728814,1.0,3,0.0,0.0
1.0,0.05395038848223521,0.9491525423728814,1.0,3,0.0,0.0
1.0,0.05393534528580598,0.9491525423728814,1.0,3,0.0,0.0
1.0,0.053943038946532136,0.9491525423728814,1.0,3,0.0,0.0
1.0,0.053979309232253005,0.9491525423728814,1.0,3,0.0,0.0
1.0,0.05383463732151281,0.9491525423728814,1.0,3,0.0,0.0
1.0,0.05380338691082086,0.9491525423728814,1.0,3,0.0,0.0
1.0,0.05385625612510531,0.9491525423728814,1.0,3,0.0,0.0
1.0,0.05375424605365099,0.9491525423728814,1.0,3,0.0,0.0
1.0,0.05378486391077786,0.9491525423728814,1.0,3,0.0,0.0
1.0,0.05397665632147307,0.9491525423728814,1.0,3,0.0,0.0
1.0,0.0539021966428988,0.9491525423728814,1.0,3,0.0,0.0
1.0,0.0539056278571804,0.9491525423728814,1.0,3,0.0,0.0
1.0,0.053890585375029325,0.9491525423728814,1.0,3,0.0,0.0
1.0,0.05372166398218983,0.9491525423728814,1.0,3,0.0,0.0
1.0,0.05375723575002666,0.9491525423728814,1.0,3,0.0,0.0
1.0,0.05381712175004135,0.9491525423728814,1.0,3,0.0,0.0
1.0,0.05374425362505722,0.9491525423728814,1.0,3,0.0,0.0
1.0,0.053758884236429536,0.9322033898305084,1.0,3,0.0,0.0
1.0,0.05377362353575726,0.9491525423728814,1.0,3,0.0,0.0
1.0,0.05374965232145509,0.9491525423728814,1.0,3,0.0,0.0
1.0,0.053808738732186605,0.9491525423728814,1.0,3,0.0,0.0
1.0,0.053796643517898694,0.9491525423728814,1.0,3,0.0,0.0
1.0,0.0538166971785878,0.9491525423728814,1.0,3,0.0,0.0
1.0,0.05378928912500668,0.9491525423728814,1.0,3,0.0,0.0
1.0,0.05373379096431563,0.9491525423728814,1.0,3,0.0,0.0
1.0,0.0537536641429272,0.9491525423728814,1.0,3,0.0,0.0
1.0,0.05364165812508353,0.9491525423728814,1.0,3,0.0,0.0
1.0,0.053672265928655954,0.9491525423728814,1.0,3,0.0,0.0
1.0,0.05368806582152631,0.9491525423728814,1.0,3,0.0,0.0
1.0,0.0536465358000979,0.9322033898305084,0.0,3,0.0,0.0
1.0,0.05370938090917744,0.9322033898305084,1.0,3,0.0,0.0
1.0,0.05382521060719877,0.9491525423728814,3.0,3,0.0,0.0
1.0,0.05383425789835401,1.0,5.0,3,0.0,0.0
1.0,0.053392651859439866,1.0847457627118644,6.0,3,0.0,0.0
1.0,0.05340068364286188,1.1864406779661016,8.0,3,0.0,0.0
1.0,0.05297036253847554,1.3220338983050848,10.0,3,0.0,0.0
1.0,0.05230013261360578,1.4915254237288136,11.0,3,0.0,0.0
1.0,0.0519257871399168,1.694915254237288,13.0,3,0.0,0.0
1.0,0.05143144888488758,1.9152542372881356,15.0,3,0.0,0.0
1.0,0.05128652515617205,2.169491525423729,16.0,3,0.0,0.0
1.0,0.05089618655548141,2.440677966101695,18.0,3,0.0,0.0
1.0,0.050614913611023014,2.7457627118644066,20.0,3,0.0,0.0
1.0,0.05037336604937581,3.084745762711864,21.0,3,0.0,0.0
1.0,0.050176786815861865,3.406779661016949,22.0,3,0.0,0.0
1.0,0.050037345246590266,3.7796610169491527,24.0,3,0.0,0.0
1.0,0.05031637219024575,4.186440677966102,26.0,3,0.0,0.0
1.0,0.05032503033454732,4.610169491525424,27.0,3,0.0,0.0
1.0,0.050160722113728864,5.067796610169491,29.0,3,0.0,0.0
1.0,0.05027053495442656,5.576271186440678,31.0,3,0.0,0.0
1.0,0.050160293684381824,6.067796610169491,32.0,3,0.0,0.0
1.0,0.0501399975384909,6.610169491525424,34.0,3,0.0,0.0
1.0,0.050181679907630054,7.1525423728813555,36.0,3,0.0,0.0
1.0,0.05057923130638624,7.745762711864407,37.0,3,0.0,0.0
1.0,0.050763439227218606,8.35593220338983,39.0,3,0.0,0.0
1.0,0.050832829088218005,9.033898305084746,41.0,3,0.0,0.0
1.0,0.050900903178688124,9.677966101694915,42.0,3,0.0,0.0
1.0,0.051094038613431696,10.389830508474576,44.0,3,0.0,0.0
1.0,0.05121278205195767,11.101694915254237,46.0,3,0.0,0.0
1.0,0.0516594782361107,11.847457627118644,47.0,3,0.0,0.0
1.0,0.05181358145119511,12.661016949152541,49.0,3,0.0,0.0
1.0,0.05195974729690562,13.474576271186441,51.0,3,0.0,0.0
1.0,0.05203218270516713,14.254237288135593,52.0,3,0.0,0.0
1.0,0.0521653046137148,15.135593220338983,54.0,3,0.0,0.0
1.0,0.05142485386611081,16.89830508474576,57.0,3,0.0,0.0
1.0,0.05279685061106278,17.864406779661017,59.0,3,0.0,0.0
1.0,0.05311968444721184,18.76271186440678,61.0,3,0.0,0.0
1.0,0.053721220000910674,19.76271186440678,62.0,3,0.0,0.0
1.0,0.054424821605909744,20.8135593220339,64.0,3,0.0,0.0
1.0,0.05491148647985221,21.83050847457627,66.0,3,0.0,0.0
1.0,0.055659757551477194,22.89830508474576,67.0,3,0.0,0.0
1.0,0.056173705433769865,23.915254237288135,69.0,3,0.0,0.0
1.0,0.057317943352771364,25.033898305084747,71.0,3,0.0,0.0
1.0,0.05841809833594618,26.1864406779661,73.0,3,0.0,0.0
1.0,0.05901550611030578,27.35593220338983,74.0,3,0.0,0.0
1.0,0.059908134237975565,28.491525423728813,76.0,3,0.0,0.0
1.0,0.06114827495039146,29.71186440677966,78.0,3,0.0,0.0
1.0,0.06192044581306969,30.915254237288135,79.0,3,0.0,0.0
1.0,0.06465991727193421,32.101694915254235,81.0,3,0.0,0.0
1.0,0.0679181001108486,33.33898305084746,83.0,3,0.0,0.0
1.0,0.07008309656037016,34.54237288135593,84.0,3,0.0,0.0
1.0,0.07282473860920217,35.779661016949156,86.0,3,0.0,0.0
1.0,0.07693980856463571,36.983050847457626,88.0,3,0.0,0.0
1.0,0.08176792421056044,38.23728813559322,89.0,3,0.0,0.0
1.0,0.0863766106490629,39.45762711864407,91.0,3,0.0,0.0
1.0,0.0920192625064744,40.6271186440678,93.0,3,0.0,0.0
1.0,0.09802815489656015,41.779661016949156,94.0,3,0.0,0.0
1.0,0.10417590026664504,43.03389830508475,96.0,3,0.0,0.0
1.0,0.11076816668714655,44.152542372881356,98.0,3,0.0,0.0
1.0,0.11879976064254477,45.42372881355932,99.0,3,0.0,0.0
1.0,0.12518035225782195,46.610169491525426,100.0,3,0.0,0.0
1.0,0.13200917021816339,47.779661016949156,100.0,3,0.0,0.0
1.0,0.13735435567151844,48.91525423728814,100.0,3,0.0,0.0
1.0,0.14284274929681415,49.96610169491525,100.0,3,0.0,0.0
1.0,0.14912045383786746,51.11864406779661,100.0,3,0.0,0.0
1.0,0.15462203620883422,52.186440677966104,100.0,3,0.0,0.0
1.0,0.1591961662797081,53.20338983050848,100.0,3,0.0,0.0
1.0,0.16926330503409479,55.186440677966104,100.0,3,0.0,0.0
1.0,0.17550872676541934,56.06779661016949,100.0,3,0.0,0.0
1.0,0.1807792456987859,57.0,100.0,3,0.0,0.0
1.0,0.18539328991511303,57.898305084745765,100.0,3,0.0,0.0
1.0,0.19023423084821894,58.847457627118644,100.0,3,0.0,0.0
1.0,0.1931582756690386,59.71186440677966,100.0,3,0.0,0.0
1.0,0.19771168724650104,60.440677966101696,100.0,3,0.0,0.0
1.0,0.20242212148840238,61.35593220338983,100.0,3,0.0,0.0
1.0,0.20661375903333573,62.03389830508475,100.0,3,0.0,0.0
1.0,0.21241699301054354,62.71186440677966,100.0,3,0.0,0.0
1.0,0.21730351813081886,63.35593220338983,100.0,3,0.0,0.0
1.0,0.2224104317153433,64.0677966101695,100.0,3,0.0,0.0
1.0,0.22696106630791008,64.67796610169492,100.0,3,0.0,0.0
1.0,0.23144413811212008,65.30508474576271,100.0,3,0.0,0.0
1.0,0.23548553683045892,65.88135593220339,100.0,3,0.0,0.0
1.0,0.24049468760627402,66.42372881355932,100.0,3,0.0,0.0
1.0,0.24475965697120416,67.11864406779661,100.0,3,0.0,0.0
1.0,0.24779717521984615,67.61016949152543,100.0,3,0.0,0.0
1.0,0.2525044557363111,68.13559322033899,100.0,3,0.0,0.0
1.0,0.25667819461912206,68.57627118644068,100.0,3,0.0,0.0
1.0,0.26109589092921237,68.96610169491525,100.0,3,0.0,0.0
1.0,0.2656987697799666,69.40677966101696,100.0,3,0.0,0.0
1.0,0.2692692094468593,69.86440677966101,100.0,3,0.0,0.0
1.0,0.2743061231746996,70.23728813559322,100.0,3,0.0,0.0
1.0,0.27795611504154594,70.55932203389831,100.0,3,0.0,0.0
1.0,0.28272202538066515,70.88135593220339,100.0,3,0.0,0.0
1.0,0.28652888717109454,71.22033898305085,100.0,3,0.0,0.0
1.0,0.2909526323447788,71.47457627118644,100.0,3,0.0,0.0
1.0,0.2954758245911483,71.76271186440678,100.0,3,0.0,0.0
1.0,0.29938536555113765,71.89830508474576,100.0,3,0.0,0.0
1.0,0.30401962910527225,72.11864406779661,100.0,3,0.0,0.0
1.0,0.30770582314143197,72.2542372881356,100.0,3,0.0,0.0
1.0,0.3160221276342892,72.62711864406779,100.0,3,0.0,0.0
1.0,0.3210078289089456,72.61016949152543,100.0,3,0.0,0.0
1.0,0.32602611119746533,72.69491525423729,100.0,3,0.0,0.0
1.0,0.3302828701488554,72.86440677966101,100.0,3,0.0,0.0
1.0,0.33448737168053494,72.84745762711864,100.0,3,0.0,0.0
1.0,0.33847756355058806,73.01694915254237,100.0,3,0.0,0.0
1.0,0.34286638341661263,72.77966101694915,100.0,3,0.0,0.0
1.0,0.3480250682499862,72.88135593220339,100.0,3,0.0,0.0
1.0,0.3525006787105136,72.77966101694915,100.0,3,0.0,0.0
1.0,0.356785860713843,72.79661016949153,100.0,3,0.0,0.0
1.0,0.35862173827523114,72.84745762711864,100.0,3,0.0,0.0
1.0,0.36097591436024196,72.83050847457628,100.0,3,0.0,0.0
1.0,0.36360621915893004,72.72881355932203,100.0,3,0.0,0.0
1.0,0.364695798535664,72.9322033898305,100.0,3,0.0,0.0
1.0,0.36525669278174216,73.0,100.0,3,0.0,0.0
1.0,0.3655510548992271,73.0,100.0,3,0.0,0.0
1.0,0.3653227140423784,73.16949152542372,100.0,3,0.0,0.0
1.0,0.3645808096122317,73.08474576271186,100.0,3,0.0,0.0
1.0,0.36415664636101075,73.03389830508475,98.0,3,0.0,0.0
1.0,0.3638330798893424,73.03389830508475,97.0,3,0.0,0.0
1.0,0.3644275740940133,73.15254237288136,96.0,3,0.0,0.0
1.0,0.3639398369512548,73.0,95.0,3,0.0,0.0
1.0,0.3617986816658075,73.10169491525424,94.0,3,0.0,0.0
1.0,0.36036986344674954,73.1864406779661,93.0,3,0.0,0.0
1.0,0.3570916044813515,73.16949152542372,92.0,3,0.0,0.0
1.0,0.3567437864918835,73.15254237288136,91.0,3,0.0,0.0
1.0,0.3537783413836635,73.23728813559322,90.0,3,0.0,0.0
1.0,0.35169415095714474,73.11864406779661,89.0,3,0.0,0.0
1.0,0.34906115378619407,73.16949152542372,88.0,3,0.0,0.0
1.0,0.34597373556711386,73.11864406779661,87.0,3,0.0,0.0
1.0,0.3437252033414932,73.15254237288136,86.0,3,0.0,0.0
1.0,0.3399343832907468,73.28813559322033,85.0,3,0.0,0.0
1.0,0.33668951464388347,73.10169491525424,84.0,3,0.0,0.0
1.0,0.3337753494322559,73.22033898305085,83.0,3,0.0,0.0
1.0,0.32921953433986684,73.20338983050847,82.0,3,0.0,0.0
1.0,0.32481104089210633,73.27118644067797,81.0,3,0.0,0.0
1.0,0.3205887477828234,73.1864406779661,80.0,3,0.0,0.0
1.0,0.31661190984094484,73.22033898305085,79.0,3,0.0,0.0
1.0,0.3118314049951274,73.22033898305085,78.0,3,0.0,0.0
1.0,0.30811425571631673,73.15254237288136,77.0,3,0.0,0.0
1.0,0.30340224276271655,73.10169491525424,76.0,3,0.0,0.0
1.0,0.29852695686756675,72.94915254237289,75.0,3,0.0,0.0
1.0,0.29497142593848574,72.89830508474576,74.0,3,0.0,0.0
1.0,0.28964744253005176,72.86440677966101,73.0,3,0.0,0.0
1.0,0.28488383923320176,72.83050847457628,72.0,3,0.0,0.0
1.0,0.280065737317427,72.72881355932203,71.0,3,0.0,0.0
1.0,0.2750843336258043,72.59322033898304,70.0,3,0.0,0.0
1.0,0.2709278978122698,72.44067796610169,69.0,3,0.0,0.0
1.0,0.2656721653501743,72.2542372881356,68.0,3,0.0,0.0
1.0,0.26167998870582687,72.10169491525424,67.0,3,0.0,0.0
1.0,0.25684723284060784,71.94915254237289,66.0,3,0.0,0.0
1.0,0.2529999671993753,71.67796610169492,65.0,3,0.0,0.0
1.0,0.24848231748426558,71.52542372881356,65.0,3,0.0,0.0
1.0,0.24411674690023172,71.20338983050847,64.0,3,0.0,0.0
1.0,0.240289287347386,70.98305084745763,63.0,3,0.0,0.0
1.0,0.2355415244728473,70.71186440677965,62.0,3,0.0,0.0
1.0,0.2317974482245385,70.42372881355932,61.0,3,0.0,0.0
1.0,0.22662837272152087,70.08474576271186,60.0,3,0.0,0.0
1.0,0.222981960920331,69.84745762711864,59.0,3,0.0,0.0
1.0,0.21329541211916464,69.2542372881356,57.0,3,0.0,0.0
1.0,0.20873178915089222,68.8135593220339,56.0,3,0.0,0.0
1.0,0.20443089932040945,68.50847457627118,55.0,3,0.0,0.0
1.0,0.20022354887260055,67.96610169491525,54.0,3,0.0,0.0
1.0,0.19543656036065996,67.84745762711864,53.0,3,0.0,0.0
1.0,0.18873709851330236,67.33898305084746,52.0,3,0.0,0.0
1.0,0.18378613169020414,67.03389830508475,51.0,3,0.0,0.0
1.0,0.1781369188913345,66.61016949152543,50.0,3,0.0,0.0
1.0,0.1742944278282956,66.08474576271186,49.0,3,0.0,0.0
1.0,0.1693688371393539,65.64406779661017,48.0,3,0.0,0.0
1.0,0.16432369954250214,65.23728813559322,47.0,3,0.0,0.0
1.0,0.15907336927852708,64.59322033898304,46.0,3,0.0,0.0
1.0,0.1543755868217981,64.05084745762711,45.0,3,0.0,0.0
1.0,0.14984541592225126,63.50847457627118,44.0,3,0.0,0.0
1.0,0.14467774311989032,62.898305084745765,43.0,3,0.0,0.0
1.0,0.13971315662618253,62.3728813559322,42.0,3,0.0,0.0
1.0,0.13414873592802326,61.779661016949156,41.0,3,0.0,0.0
1.0,0.12913152913528134,61.25423728813559,40.0,3,0.0,0.0
1.0,0.12438464364444618,60.66101694915254,39.0,3,0.0,0.0
1.0,0.1178050613711195,59.983050847457626,38.0,3,0.0,0.0
1.0,0.11261662116836943,59.47457627118644,37.0,3,0.0,0.0
1.0,0.10892447724956521,58.69491525423729,36.0,3,0.0,0.0
1.0,0.1050531746680278,57.932203389830505,35.0,3,0.0,0.0
1.0,0.10246816598523258,57.271186440677965,34.0,3,0.0,0.0
1.0,0.0976784599692058,56.57627118644068,33.0,3,0.0,0.0
1.0,0.09350840717655877,55.86440677966102,32.0,3,0.0,0.0
1.0,0.08984308293045393,55.23728813559322,31.0,3,0.0,0.0
1.0,0.08658408507622958,54.40677966101695,30.0,3,0.0,0.0
1.0,0.08382576415057097,53.644067796610166,29.0,3,0.0,0.0
1.0,0.0817238424319635,52.76271186440678,28.0,3,0.0,0.0
1.0,0.07948409389504521,51.94915254237288,27.0,3,0.0,0.0
1.0,0.07732537468353128,51.20338983050848,26.0,3,0.0,0.0
1.0,0.07415528563079743,50.35593220338983,25.0,3,0.0,0.0
1.0,0.07190633025803385,49.54237288135593,24.0,3,0.0,0.0
1.0,0.07008301569148202,48.67796610169491,23.0,3,0.0,0.0
1.0,0.06807063788456519,47.813559322033896,22.0,3,0.0,0.0
1.0,0.06590618643780019,46.94915254237288,21.0,3,0.0,0.0
1.0,0.0649997071611516,46.016949152542374,20.0,3,0.0,0.0
1.0,0.06344657196479896,45.20338983050848,19.0,3,0.0,0.0
1.0,0.06189880120664947,44.32203389830509,18.0,3,0.0,0.0
1.0,0.06148646497034945,43.40677966101695,17.0,3,0.0,0.0
1.0,0.06098029610594067,42.52542372881356,16.0,3,0.0,0.0
1.0,0.060533118026506044,41.54237288135593,15.0,3,0.0,0.0
1.0,0.060164438716317215,40.59322033898305,14.0,3,0.0,0.0
1.0,0.05997546620589967,39.66101694915254,13.0,3,0.0,0.0
1.0,0.05965225554700299,38.74576271186441,12.0,3,0.0,0.0
1.0,0.059504917642024306,37.813559322033896,11.0,3,0.0,0.0
1.0,0.05926090843158909,36.898305084745765,10.0,3,0.0,0.0
1.0,0.05915896029929503,36.0,9.0,3,0.0,0.0
1.0,0.05842669685749167,35.067796610169495,8.0,3,0.0,0.0
1.0,0.057892264522578944,34.13559322033898,7.0,3,0.0,0.0
1.0,0.057229201929626765,33.220338983050844,6.0,3,0.0,0.0
1.0,0.056472792468795524,32.30508474576271,5.0,3,0.0,0.0
1.0,0.05613684138876462,31.372881355932204,4.0,3,0.0,0.0
1.0,0.05579046357739239,30.423728813559322,3.0,3,0.0,0.0
1.0,0.05578132909002603,29.54237288135593,2.0,3,0.0,0.0
1.0,0.05533162724792745,28.559322033898304,1.0,3,0.0,0.0
1.0,0.055037649280817946,27.627118644067796,1.0,3,0.0,0.0
1.0,0.054318561871997,26.728813559322035,1.0,3,0.0,0.0
1.0,0.0540789404701724,25.83050847457627,1.0,3,0.0,0.0
1.0,0.05386079402531593,24.084745762711865,1.0,3,0.0,0.0
1.0,0.053718358949017934,23.25423728813559,1.0,3,0.0,0.0
1.0,0.053423730275687385,22.423728813559322,1.0,3,0.0,0.0
1.0,0.053255210011768354,21.593220338983052,1.0,3,0.0,0.0
1.0,0.05257196747150119,20.796610169491526,1.0,3,0.0,0.0
1.0,0.05237080520102217,19.966101694915253,1.0,3,0.0,0.0
1.0,0.05208793553080642,19.23728813559322,1.0,3,0.0,0.0
1.0,0.05186558714141071,18.440677966101696,1.0,3,0.0,0.0
1.0,0.051838295438386986,17.728813559322035,1.0,3,0.0,0.0
1.0,0.05183663461254665,17.0,1.0,3,0.0,0.0
1.0,0.05184898306223512,16.322033898305083,1.0,3,0.0,0.0
1.0,0.051853754135564985,15.610169491525424,1.0,3,0.0,0.0
1.0,0.05182439070067259,14.932203389830509,1.0,3,0.0,0.0
1.0,0.051836428790033924,14.271186440677965,1.0,3,0.0,0.0
1.0,0.05189510185714341,13.627118644067796,1.0,3,0.0,0.0
1.0,0.05198080562548977,13.016949152542374,1.0,3,0.0,0.0
1.0,0.052125573259570936,12.389830508474576,1.0,3,0.0,0.0
1.0,0.05212819336729665,11.796610169491526,1.0,3,0.0,0.0
1.0,0.05219940117727178,11.169491525423728,1.0,3,0.0,0.0
1.0,0.05215829831738963,10.610169491525424,1.0,3,0.0,0.0
1.0,0.052098037302020374,10.084745762711865,1.0,3,0.0,0.0
1.0,0.05207372823049306,9.542372881355933,1.0,3,0.0,0.0
1.0,0.0520110815197075,9.016949152542374,1.0,3,0.0,0.0
1.0,0.052068437061750884,8.491525423728813,1.0,3,0.0,0.0
1.0,0.05186858968287162,8.0,1.0,3,0.0,0.0
1.0,0.051931304508985955,7.5423728813559325,1.0,3,0.0,0.0
1.0,0.05205180969930503,7.084745762711864,1.0,3,0.0,0.0
1.0,0.05219569734598543,6.694915254237288,1.0,3,0.0,0.0
1.0,0.05234420347157481,6.237288135593221,1.0,3,0.0,0.0
1.0,0.05247760356235802,5.830508474576271,1.0,3,0.0,0.0
1.0,0.0525747343769901,5.423728813559322,1.0,3,0.0,0.0
1.0,0.05257508699003665,5.067796610169491,1.0,3,0.0,0.0
1.0,0.0524768482401835,4.711864406779661,1.0,3,0.0,0.0
1.0,0.0526884416705303,4.406779661016949,1.0,3,0.0,0.0
1.0,0.05286924799589197,4.084745762711864,1.0,3,0.0,0.0
1.0,0.05311365968892965,3.7966101694915255,1.0,3,0.0,0.0
1.0,0.053328807381698304,3.4915254237288136,1.0,3,0.0,0.0
1.0,0.053586908952417266,3.2033898305084745,1.0,3,0.0,0.0
1.0,0.053858788115634146,2.9322033898305087,1.0,3,0.0,0.0
1.0,0.054347956569656644,2.6779661016949152,1.0,3,0.0,0.0
1.0,0.05458362373793879,2.457627118644068,1.0,3,0.0,0.0
1.0,0.054553571571421995,2.2542372881355934,1.0,3,0.0,0.0
1.0,0.05478851333332646,2.084745762711864,1.0,3,0.0,0.0
1.0,0.054953096432458354,1.88135593220339,1.0,3,0.0,0.0
1.0,0.0553324881667126,1.728813559322034,1.0,3,0.0,0.0
1.0,0.05589018973124214,1.576271186440678,1.0,3,0.0,0.0
1.0,0.056644381821505316,1.423728813559322,1.0,3,0.0,0.0
1.0,0.057279029259810266,1.305084745762712,1.0,3,0.0,0.0
1.0,0.05659402781699536,1.2033898305084745,1.0,3,0.0,0.0
1.0,0.05643228956066168,1.11864406779661,1.0,3,0.0,0.0
1.0,0.054390397349278724,1.0677966101694916,1.0,3,0.0,0.0
1.0,0.05313309104921708,1.0338983050847457,1.0,3,0.0,0.0
1.0,0.05334727650850994,1.0,1.0,3,0.0,0.0
1.0,0.05338166515793362,0.9661016949152542,1.0,3,0.0,0.0
1.0,0.05326840482147028,0.9491525423728814,1.0,3,0.0,0.0
1.0,0.05315269151791264,0.9491525423728814,1.0,3,0.0,0.0
1.0,0.05318471087502985,0.9491525423728814,1.0,3,0.0,0.0
1.0,0.053157467464318736,0.9491525423728814,1.0,3,0.0,0.0
1.0,0.05309644292859567,0.9491525423728814,1.0,3,0.0,0.0
1.0,0.05293606223218765,0.9491525423728814,1.0,3,0.0,0.0
1.0,0.05288835908930065,0.9491525423728814,1.0,3,0.0,0.0
1.0,0.05280485541074346,0.9491525423728814,1.0,3,0.0,0.0
1.0,0.0528582650536334,0.9491525423728814,1.0,3,0.0,0.0
1.0,0.052842045428633355,0.9491525423728814,1.0,3,0.0,0.0
1.0,0.05278744516077235,0.9491525423728814,1.0,3,0.0,0.0
1.0,0.05277450394646621,0.9491525423728814,1.0,3,0.0,0.0
1.0,0.052810795410745674,0.9491525423728814,1.0,3,0.0,0.0
1.0,0.05273075944644136,0.9491525423728814,1.0,3,0.0,0.0
1.0,0.05274330714288615,0.9491525423728814,1.0,3,0.0,0.0
1.0,0.052743871589297796,0.9491525423728814,1.0,3,0.0,0.0
1.0,0.0527943008947707,0.9661016949152542,1.0,3,0.0,0.0
1.0,0.052800528732177554,0.9491525423728814,1.0,3,0.0,0.0
1.0,0.05281600450000821,0.9491525423728814,1.0,3,0.0,0.0
1.0,0.0527036798035689,0.9491525423728814,1.0,3,0.0,0.0
1.0,0.05269122592855118,0.9491525423728814,1.0,3,0.0,0.0
1.0,0.0526958338213847,0.9491525423728814,1.0,3,0.0,0.0
1.0,0.05260798589282396,0.9491525423728814,1.0,3,0.0,0.0
1.0,0.052579838928522804,0.9491525423728814,1.0,3,0.0,0.0
1.0,0.052641121214199824,0.9491525423728814,1.0,3,0.0,0.0
1.0,0.05261565930352065,0.9491525423728814,1.0,3,0.0,0.0
1.0,0.05267599107134759,0.9491525423728814,1.0,3,0.0,0.0
1.0,0.05271733944631965,0.9491525423728814,1.0,3,0.0,0.0
1.0,0.05264932182132855,0.9491525423728814,1.0,3,0.0,0.0
1.0,0.05263732342843598,0.9491525423728814,1.0,3,0.0,0.0
1.0,0.0527057071784124,0.9491525423728814,1.0,3,0.0,0.0
1.0,0.05265862803555267,0.9491525423728814,1.0,3,0.0,0.0
1.0,0.05266080924980088,0.9491525423728814,1.0,3,0.0,0.0
1.0,0.05261470771409092,0.9491525423728814,1.0,3,0.0,0.0
1.0,0.05258540658909234,0.9491525423728814,1.0,3,0.0,0.0
1.0,0.05264551433908439,0.9491525423728814,1.0,3,0.0,0.0
1.0,0.05264551433908439,0.9491525423728814,1.0,3,0.0,0.0
1.0,0.05264757832121956,0.9491525423728814,1.0,3,0.0,0.0
1.0,0.05254710148194265,0.9491525423728814,1.0,3,0.0,0.0
1.0,0.05257125176763111,0.9491525423728814,1.0,3,0.0,0.0
1.0,0.05257128539262469,0.9491525423728814,1.0,3,0.0,0.0
1.0,0.05249978610692908,0.9491525423728814,1.0,3,0.0,0.0
1.0,0.052531162410494804,0.9491525423728814,1.0,3,0.0,0.0
1.0,0.05249706355334637,0.9491525423728814,1.0,3,0.0,0.0
1.0,0.052415057071227365,0.9491525423728814,1.0,3,0.0,0.0
1.0,0.05248847744623423,0.9491525423728814,1.0,3,0.0,0.0
1.0,0.05287684841050577,0.9491525423728814,1.0,3,0.0,0.0
1.0,0.0527793604283683,0.9491525423728814,1.0,3,0.0,0.0
1.0,0.05278190480336369,0.9491525423728814,1.0,3,0.0,0.0
1.0,0.052818472928363135,0.9491525423728814,1.0,3,0.0,0.0
1.0,0.05295479648192927,0.9491525423728814,1.0,3,0.0,0.0
1.0,0.05296548991051558,0.9491525423728814,1.0,3,0.0,0.0
1.0,0.052956821803393596,0.9491525423728814,1.0,3,0.0,0.0
1.0,0.052883776767690245,0.9491525423728814,1.0,3,0.0,0.0
1.0,0.052819276285520446,0.9491525423728814,1.0,3,0.0,0.0
1.0,0.05278706916055853,0.9491525423728814,1.0,3,0.0,0.0
1.0,0.05278706916055853,0.9491525423728814,1.0,3,0.0,0.0
1.0,0.05279255930340047,0.9491525423728814,1.0,3,0.0,0.0
1.0,0.05286834632124737,0.9491525423728814,1.0,3,0.0,0.0
1.0,0.05291533619626015,0.9491525423728814,1.0,3,0.0,0.0
1.0,0.0528782520176979,0.9491525423728814,1.0,3,0.0,0.0
1.0,0.05282968837484856,0.9491525423728814,1.0,3,0.0,0.0
1.0,0.0528994112320171,0.9491525423728814,1.0,3,0.0,0.0
1.0,0.05288723780339361,0.9491525423728814,1.0,3,0.0,0.0
1.0,0.05295027957127526,0.9491525423728814,1.0,3,0.0,0.0
1.0,0.053027257285521046,0.9491525423728814,1.0,3,0.0,0.0
1.0,0.0529467791962231,0.9491525423728814,1.0,3,0.0,0.0
1.0,0.05293853644626065,0.9491525423728814,1.0,3,0.0,0.0
1.0,0.05294755548197827,0.9491525423728814,1.0,3,0.0,0.0
1.0,0.052969743053414016,0.9491525423728814,1.0,3,0.0,0.0
1.0,0.05300858878558756,0.9491525423728814,1.0,3,0.0,0.0
1.0,0.05304271799988263,0.9491525423728814,1.0,3,0.0,0.0
1.0,0.05296318760698731,0.9491525423728814,1.0,3,0.0,0.0
1.0,0.052962311321315216,0.9491525423728814,1.0,3,0.0,0.0
1.0,0.0528658235713075,0.9491525423728814,1.0,3,0.0,0.0
1.0,0.05285763474986587,0.9491525423728814,1.0,3,0.0,0.0
1.0,0.05285763474986587,0.9491525423728814,1.0,3,0.0,0.0
1.0,0.0528201834999241,0.9491525423728814,1.0,3,0.0,0.0
1.0,0.05286887473208221,0.9491525423728814,1.0,3,0.0,0.0
1.0,0.052849839267797245,0.9491525423728814,1.0,3,0.0,0.0
1.0,0.05300542944636227,0.9491525423728814,1.0,3,0.0,0.0
1.0,0.053046902339214545,0.9491525423728814,0.0,3,0.0,0.0
1.0,0.052900784571387964,0.9491525423728814,1.0,3,0.0,0.0
1.0,0.05307041653445751,0.9830508474576272,3.0,3,0.0,0.0
1.0,0.05283080656056083,1.11864406779661,6.0,3,0.0,0.0
1.0,0.052620371753432225,1.2372881355932204,8.0,3,0.0,0.0
1.0,0.052266840000025516,1.3728813559322033,9.0,3,0.0,0.0
1.0,0.05203007462648032,1.542372881355932,11.0,3,0.0,0.0
1.0,0.051655851087470915,1.7457627118644068,13.0,3,0.0,0.0
1.0,0.051276802678378024,1.9491525423728813,14.0,3,0.0,0.0
1.0,0.050948808883795,2.1864406779661016,16.0,3,0.0,0.0
1.0,0.050721359875952374,2.457627118644068,18.0,3,0.0,0.0
1.0,0.05044011496920575,2.7457627118644066,19.0,3,0.0,0.0
1.0,0.05035949288341928,3.0508474576271185,21.0,3,0.0,0.0
1.0,0.05054244453211212,3.440677966101695,23.0,3,0.0,0.0
1.0,0.050474477351179096,3.8135593220338984,24.0,3,0.0,0.0
1.0,0.05038508222897949,4.220338983050848,26.0,3,0.0,0.0
1.0,0.05036849550187154,4.661016949152542,28.0,3,0.0,0.0
1.0,0.05034935821933318,5.101694915254237,29.0,3,0.0,0.0
1.0,0.0503305332030791,5.593220338983051,31.0,3,0.0,0.0
1.0,0.05043677053207093,6.084745762711864,33.0,3,0.0,0.0
1.0,0.050687084741068054,6.610169491525424,34.0,3,0.0,0.0
1.0,0.050682418604765724,7.203389830508475,36.0,3,0.0,0.0
1.0,0.050681412997870844,7.779661016949152,38.0,3,0.0,0.0
1.0,0.05067138022582918,8.40677966101695,39.0,3,0.0,0.0
1.0,0.050908600029930806,9.067796610169491,41.0,3,0.0,0.0
1.0,0.05115121306296752,9.694915254237289,43.0,3,0.0,0.0
1.0,0.05159504994627161,10.40677966101695,44.0,3,0.0,0.0
1.0,0.05168780796653218,11.135593220338983,46.0,3,0.0,0.0
1.0,0.051793681135524516,11.88135593220339,48.0,3,0.0,0.0
1.0,0.05176985506031924,12.64406779661017,49.0,3,0.0,0.0
1.0,0.05198003470492019,13.440677966101696,51.0,3,0.0,0.0
1.0,0.05230699211310388,14.23728813559322,53.0,3,0.0,0.0
1.0,0.05296998287891223,15.11864406779661,54.0,3,0.0,0.0
1.0,0.0530996433632351,16.050847457627118,56.0,3,0.0,0.0
1.0,0.05336778460899404,16.949152542372882,58.0,3,0.0,0.0
1.0,0.05389134324405736,17.847457627118644,59.0,3,0.0,0.0
1.0,0.05430607632071507,18.8135593220339,61.0,3,0.0,0.0
1.0,0.05493091498375669,19.83050847457627,63.0,3,0.0,0.0
1.0,0.05520150923308161,20.796610169491526,64.0,3,0.0,0.0
1.0,0.0560262455971948,21.796610169491526,66.0,3,0.0,0.0
1.0,0.05657454987370046,22.8135593220339,68.0,3,0.0,0.0
1.0,0.05755810501416821,23.93220338983051,69.0,3,0.0,0.0
1.0,0.05856935063600314,25.050847457627118,71.0,3,0.0,0.0
1.0,0.05988604063689965,26.1864406779661,73.0,3,0.0,0.0
1.0,0.06073228123930691,27.338983050847457,75.0,3,0.0,0.0
1.0,0.06145283679773094,28.406779661016948,76.0,3,0.0,0.0
1.0,0.06349450973900199,29.677966101694913,78.0,3,0.0,0.0
1.0,0.06453858610285372,30.8135593220339,80.0,3,0.0,0.0
1.0,0.06629162452274479,32.03389830508475,81.0,3,0.0,0.0
1.0,0.06972175255226248,33.23728813559322,83.0,3,0.0,0.0
1.0,0.07312035570683036,34.45762711864407,85.0,3,0.0,0.0
1.0,0.07599226564512232,35.67796610169491,86.0,3,0.0,0.0
1.0,0.07987464694752706,36.83050847457627,88.0,3,0.0,0.0
1.0,0.0852708151815646,38.08474576271186,90.0,3,0.0,0.0
1.0,0.08989267171266649,39.28813559322034,91.0,3,0.0,0.0
1.0,0.09493252112965078,40.389830508474574,93.0,3,0.0,0.0
1.0,0.10134723315813945,42.83050847457627,96.0,3,0.0,0.0
1.0,0.11421577272130924,44.03389830508475,98.0,3,0.0,0.0
1.0,0.12187483904729926,45.13559322033898,100.0,3,0.0,0.0
1.0,0.12968174555983544,46.440677966101696,100.0,3,0.0,0.0
1.0,0.135395826541455,47.610169491525426,100.0,3,0.0,0.0
1.0,0.14108869828837597,48.779661016949156,100.0,3,0.0,0.0
1.0,0.1464913886344255,49.79661016949152,100.0,3,0.0,0.0
1.0,0.15241786534759144,51.05084745762712,100.0,3,0.0,0.0
1.0,0.15664178909503276,52.067796610169495,100.0,3,0.0,0.0
1.0,0.16149015600509192,53.06779661016949,100.0,3,0.0,0.0
1.0,0.1668244420059339,54.11864406779661,100.0,3,0.0,0.0
1.0,0.17107030152009656,55.20338983050848,100.0,3,0.0,0.0
1.0,0.1748238590869415,56.13559322033898,100.0,3,0.0,0.0
1.0,0.17977796275369853,57.05084745762712,100.0,3,0.0,0.0
1.0,0.18346768033731428,57.983050847457626,100.0,3,0.0,0.0
1.0,0.18893576840303605,58.91525423728814,100.0,3,0.0,0.0
1.0,0.19276819811626905,59.76271186440678,100.0,3,0.0,0.0
1.0,0.1966332834401365,60.45762711864407,100.0,3,0.0,0.0
1.0,0.2019337545077287,61.32203389830509,100.0,3,0.0,0.0
1.0,0.20540369028620914,62.11864406779661,100.0,3,0.0,0.0
1.0,0.2106005934707021,62.79661016949152,100.0,3,0.0,0.0
1.0,0.21522262514017923,63.59322033898305,100.0,3,0.0,0.0
1.0,0.21854813948521962,64.27118644067797,100.0,3,0.0,0.0
1.0,0.22361669312067914,64.88135593220339,100.0,3,0.0,0.0
1.0,0.23096369596075372,66.08474576271186,100.0,3,0.0,0.0
1.0,0.23700325022201768,66.64406779661017,100.0,3,0.0,0.0
1.0,0.24067985213828147,67.28813559322033,100.0,3,0.0,0.0
1.0,0.2445931074478048,67.71186440677965,100.0,3,0.0,0.0
1.0,0.24987572462763957,68.1864406779661,100.0,3,0.0,0.0
1.0,0.25379135899358696,68.71186440677965,100.0,3,0.0,0.0
1.0,0.2580380147805016,69.1864406779661,100.0,3,0.0,0.0
1.0,0.2621451083632174,69.57627118644068,100.0,3,0.0,0.0
1.0,0.26545301602634297,70.13559322033899,100.0,3,0.0,0.0
1.0,0.26911948276288605,70.40677966101696,100.0,3,0.0,0.0
1.0,0.2735222852828818,70.76271186440678,100.0,3,0.0,0.0
1.0,0.2782679131198565,71.13559322033899,100.0,3,0.0,0.0
1.0,0.2820290303240125,71.45762711864407,100.0,3,0.0,0.0
1.0,0.28655245603142754,71.7457627118644,100.0,3,0.0,0.0
1.0,0.29025946532257385,71.88135593220339,100.0,3,0.0,0.0
1.0,0.29520672089925837,72.16949152542372,100.0,3,0.0,0.0
1.0,0.2990439303604301,72.37288135593221,100.0,3,0.0,0.0
1.0,0.30337338673443104,72.62711864406779,100.0,3,0.0,0.0
1.0,0.30841868220084456,72.7457627118644,100.0,3,0.0,0.0
1.0,0.3120765324720594,72.77966101694915,100.0,3,0.0,0.0
1.0,0.31730047524337307,72.84745762711864,100.0,3,0.0,0.0
1.0,0.32182365709865907,73.01694915254237,100.0,3,0.0,0.0
1.0,0.32565965224878657,73.10169491525424,100.0,3,0.0,0.0
1.0,0.33083274447044286,73.10169491525424,100.0,3,0.0,0.0
1.0,0.34007026942847685,73.10169491525424,100.0,3,0.0,0.0
1.0,0.3428148323772934,73.13559322033899,100.0,3,0.0,0.0
1.0,0.3455663860467401,73.2542372881356,100.0,3,0.0,0.0
1.0,0.3487279323933309,73.16949152542372,100.0,3,0.0,0.0
1.0,0.3516784416874183,73.2542372881356,100.0,3,0.0,0.0
1.0,0.35389636583399686,73.20338983050847,100.0,3,0.0,0.0
1.0,0.35664821756096393,73.27118644067797,100.0,3,0.0,0.0
1.0,0.3585235579658005,73.32203389830508,100.0,3,0.0,0.0
1.0,0.35909041128615576,73.27118644067797,100.0,3,0.0,0.0
1.0,0.36003639615739563,73.33898305084746,100.0,3,0.0,0.0
1.0,0.3601580712805825,73.45762711864407,100.0,3,0.0,0.0
1.0,0.3595372049817844,73.45762711864407,100.0,3,0.0,0.0
1.0,0.36016443171017876,73.38983050847457,100.0,3,0.0,0.0
1.0,0.3604900619332435,73.33898305084746,99.0,3,0.0,0.0
1.0,0.36067502403213353,73.33898305084746,98.0,3,0.0,0.0
1.0,0.36010120533665957,73.38983050847457,97.0,3,0.0,0.0
1.0,0.35958572588164756,73.15254237288136,96.0,3,0.0,0.0
1.0,0.35945573763345773,73.2542372881356,95.0,3,0.0,0.0
1.0,0.3578115262483996,73.32203389830508,94.0,3,0.0,0.0
1.0,0.3566671519294147,73.16949152542372,93.0,3,0.0,0.0
1.0,0.35556223414835675,73.1864406779661,92.0,3,0.0,0.0
1.0,0.3543630113157502,73.16949152542372,91.0,3,0.0,0.0
1.0,0.3488598907665881,73.28813559322033,89.0,3,0.0,0.0
1.0,0.3453380288201029,73.15254237288136,88.0,3,0.0,0.0
1.0,0.34386460920625433,73.16949152542372,87.0,3,0.0,0.0
1.0,0.34087629235306655,73.23728813559322,86.0,3,0.0,0.0
1.0,0.3375718179969981,73.20338983050847,85.0,3,0.0,0.0
1.0,0.33463059586557753,73.1864406779661,84.0,3,0.0,0.0
1.0,0.33030165472109985,73.22033898305085,83.0,3,0.0,0.0
1.0,0.32647006750880575,73.15254237288136,82.0,3,0.0,0.0
1.0,0.3232594041481937,73.13559322033899,81.0,3,0.0,0.0
1.0,0.3189012418533783,73.10169491525424,80.0,3,0.0,0.0
1.0,0.31466470949351405,73.05084745762711,79.0,3,0.0,0.0
1.0,0.3117370085355764,73.0677966101695,78.0,3,0.0,0.0
1.0,0.3054974629770496,73.03389830508475,77.0,3,0.0,0.0
1.0,0.301665378070817,72.9322033898305,76.0,3,0.0,0.0
1.0,0.29731498429672915,72.9322033898305,75.0,3,0.0,0.0
1.0,0.2914622428934289,72.9322033898305,74.0,3,0.0,0.0
1.0,0.28734309297417376,72.77966101694915,73.0,3,0.0,0.0
1.0,0.2826234087602526,72.67796610169492,72.0,3,0.0,0.0
1.0,0.27828800210760923,72.54237288135593,71.0,3,0.0,0.0
1.0,0.27437331379208574,72.32203389830508,70.0,3,0.0,0.0
1.0,0.27036645413250143,72.20338983050847,69.0,3,0.0,0.0
1.0,0.26564346109259523,72.05084745762711,68.0,3,0.0,0.0
1.0,0.26073571359773046,71.8135593220339,67.0,3,0.0,0.0
1.0,0.25654880616504644,71.59322033898304,66.0,3,0.0,0.0
1.0,0.2516365618696022,71.40677966101696,65.0,3,0.0,0.0
1.0,0.2479389733253282,71.23728813559322,64.0,3,0.0,0.0
1.0,0.24276037087305782,70.94915254237289,63.0,3,0.0,0.0
1.0,0.23844955859593148,70.76271186440678,62.0,3,0.0,0.0
1.0,0.23376029387815034,70.44067796610169,61.0,3,0.0,0.0
1.0,0.2286446203235986,70.15254237288136,60.0,3,0.0,0.0
1.0,0.2249887895923461,69.9322033898305,59.0,3,0.0,0.0
1.0,0.21951938872258328,69.62711864406779,58.0,3,0.0,0.0
1.0,0.21478664478418993,69.1864406779661,57.0,3,0.0,0.0
1.0,0.2107837471312012,68.89830508474576,56.0,3,0.0,0.0
1.0,0.2052579809740411,68.47457627118644,55.0,3,0.0,0.0
1.0,0.20041810190746592,68.23728813559322,54.0,3,0.0,0.0
1.0,0.19519620884676947,67.83050847457628,53.0,3,0.0,0.0
1.0,0.19096434463362616,67.45762711864407,52.0,3,0.0,0.0
1.0,0.18651045058674895,66.9322033898305,51.0,3,0.0,0.0
1.0,0.18219844256304235,66.59322033898304,50.0,3,0.0,0.0
1.0,0.17703048410701674,66.11864406779661,49.0,3,0.0,0.0
1.0,0.17206767140180335,65.67796610169492,48.0,3,0.0,0.0
1.0,0.16631210805714156,65.16949152542372,47.0,3,0.0,0.0
1.0,0.16106423156627464,64.7457627118644,46.0,3,0.0,0.0
1.0,0.15608751388786135,64.15254237288136,45.0,3,0.0,0.0
1.0,0.15073608966524513,63.66101694915254,44.0,3,0.0,0.0
1.0,0.14586251278494652,62.96610169491525,43.0,3,0.0,0.0
1.0,0.140642333112855,62.54237288135593,42.0,3,0.0,0.0
1.0,0.13389299638190175,61.91525423728814,41.0,3,0.0,0.0
1.0,0.12867012501268893,61.3728813559322,40.0,3,0.0,0.0
1.0,0.12310620286176252,60.74576271186441,39.0,3,0.0,0.0
1.0,0.11831659813425356,60.152542372881356,38.0,3,0.0,0.0
1.0,0.11374174664999984,59.59322033898305,37.0,3,0.0,0.0
1.0,0.10861204501697352,58.86440677966102,36.0,3,0.0,0.0
1.0,0.10510141102786477,57.59322033898305,34.0,3,0.0,0.0
1.0,0.096251937301612,56.779661016949156,33.0,3,0.0,0.0
1.0,0.09272287342361563,56.101694915254235,32.0,3,0.0,0.0
1.0,0.08966987912768491,55.32203389830509,31.0,3,0.0,0.0
1.0,0.08728651361709057,54.54237288135593,30.0,3,0.0,0.0
1.0,0.08504058807150507,53.779661016949156,29.0,3,0.0,0.0
1.0,0.08107074116534278,52.96610169491525,28.0,3,0.0,0.0
1.0,0.07888637078567579,52.25423728813559,27.0,3,0.0,0.0
1.0,0.07549763826212275,51.389830508474574,26.0,3,0.0,0.0
1.0,0.0736489127057687,50.559322033898304,25.0,3,0.0,0.0
1.0,0.07155076251704615,49.71186440677966,24.0,3,0.0,0.0
1.0,0.06941525643843366,48.847457627118644,23.0,3,0.0,0.0
1.0,0.06793993692866995,47.983050847457626,22.0,3,0.0,0.0
1.0,0.0660951562217004,47.152542372881356,21.0,3,0.0,0.0
1.0,0.06475407880095559,46.220338983050844,20.0,3,0.0,0.0
1.0,0.06318008661314847,45.3728813559322,19.0,3,0.0,0.0
1.0,0.06253676876495454,44.47457627118644,18.0,3,0.0,0.0
1.0,0.061320127729782826,43.57627118644068,17.0,3,0.0,0.0
1.0,0.06077285693412748,42.69491525423729,16.0,3,0.0,0.0
1.0,0.06037414761388708,41.728813559322035,15.0,3,0.0,0.0
1.0,0.059663634056479856,40.79661016949152,14.0,3,0.0,0.0
1.0,0.05925729871027866,39.86440677966102,13.0,3,0.0,0.0
1.0,0.0588236085479806,39.0,12.0,3,0.0,0.0
1.0,0.058430292849578284,38.05084745762712,11.0,3,0.0,0.0
1.0,0.0583006072794022,37.152542372881356,10.0,3,0.0,0.0
1.0,0.05797931402763633,36.152542372881356,9.0,3,0.0,0.0
1.0,0.05749515382517044,35.25423728813559,8.0,3,0.0,0.0
1.0,0.05735534821340586,34.3728813559322,7.0,3,0.0,0.0
1.0,0.05718919664282045,33.389830508474574,6.0,3,0.0,0.0
1.0,0.05686638047678289,32.47457627118644,5.0,3,0.0,0.0
1.0,0.056699062494356633,31.559322033898304,4.0,3,0.0,0.0
1.0,0.0566055289168876,30.576271186440678,3.0,3,0.0,0.0
1.0,0.05664682902286132,29.627118644067796,2.0,3,0.0,0.0
1.0,0.05629209089432355,28.677966101694913,1.0,3,0.0,0.0
1.0,0.056022084585106637,27.74576271186441,1.0,3,0.0,0.0
1.0,0.05593093296910093,26.847457627118644,1.0,3,0.0,0.0
1.0,0.05584418876531693,25.966101694915253,1.0,3,0.0,0.0
1.0,0.05557879724949552,25.10169491525424,1.0,3,0.0,0.0
1.0,0.05555144286172918,24.23728813559322,1.0,3,0.0,0.0
1.0,0.055406218436231336,23.35593220338983,1.0,3,0.0,0.0
1.0,0.05534491127927258,22.54237288135593,1.0,3,0.0,0.0
1.0,0.0553652716151434,21.677966101694913,1.0,3,0.0,0.0
1.0,0.055340504625306326,20.864406779661017,1.0,3,0.0,0.0
1.0,0.05539812187690013,20.06779661016949,1.0,3,0.0,0.0
1.0,0.05511900607537146,19.305084745762713,1.0,3,0.0,0.0
1.0,0.054914451538742026,18.559322033898304,1.0,3,0.0,0.0
1.0,0.05464882993916388,17.796610169491526,1.0,3,0.0,0.0
1.0,0.05419928857085544,17.06779661016949,1.0,3,0.0,0.0
1.0,0.05377262826158117,16.423728813559322,1.0,3,0.0,0.0
1.0,0.05346587800107923,15.694915254237289,1.0,3,0.0,0.0
1.0,0.05351713855331075,15.067796610169491,1.0,3,0.0,0.0
1.0,0.0534525835875393,14.389830508474576,1.0,3,0.0,0.0
1.0,0.05315312899505792,13.728813559322035,1.0,3,0.0,0.0
1.0,0.05249189592256435,13.101694915254237,1.0,3,0.0,0.0
1.0,0.05233758671136279,12.474576271186441,1.0,3,0.0,0.0
1.0,0.05215122767850396,11.88135593220339,1.0,3,0.0,0.0
1.0,0.05218371361974288,11.288135593220339,1.0,3,0.0,0.0
1.0,0.05215687839525515,10.728813559322035,1.0,3,0.0,0.0
1.0,0.052158718674938154,10.186440677966102,1.0,3,0.0,0.0
1.0,0.052104979824556114,9.627118644067796,1.0,3,0.0,0.0
1.0,0.052164041469376754,9.101694915254237,1.0,3,0.0,0.0
1.0,0.05219572423966866,8.59322033898305,1.0,3,0.0,0.0
1.0,0.052300436555299847,8.084745762711865,1.0,3,0.0,0.0
1.0,0.05243696449996302,7.593220338983051,1.0,3,0.0,0.0
1.0,0.052618275204186944,7.186440677966102,1.0,3,0.0,0.0
1.0,0.05501931293638449,6.396551724137931,1.0,3,0.0,0.0
1.0,0.05196531215712249,5.898305084745763,1.0,3,0.0,0.0
1.0,0.05181094643729356,5.508474576271187,1.0,3,0.0,0.0
1.0,0.05198321803265951,5.1525423728813555,1.0,3,0.0,0.0
1.0,0.05210810979297732,4.796610169491525,1.0,3,0.0,0.0
1.0,0.052182014320749426,4.4576271186440675,1.0,3,0.0,0.0
1.0,0.05192230904080765,4.11864406779661,1.0,3,0.0,0.0
1.0,0.0519360519034994,3.830508474576271,1.0,3,0.0,0.0
1.0,0.05180004537140208,3.5254237288135593,1.0,3,0.0,0.0
1.0,0.051701295253883825,3.23728813559322,1.0,3,0.0,0.0
1.0,0.051611867169505506,2.9661016949152543,1.0,3,0.0,0.0
1.0,0.05164038582100787,2.711864406779661,1.0,3,0.0,0.0
1.0,0.05159742638514561,2.4745762711864407,1.0,3,0.0,0.0
1.0,0.05127698203650121,2.288135593220339,1.0,3,0.0,0.0
1.0,0.05185072974194143,2.084745762711864,1.0,3,0.0,0.0
1.0,0.05212811176991322,1.8983050847457628,1.0,3,0.0,0.0
1.0,0.05247245944109654,1.7118644067796611,1.0,3,0.0,0.0
1.0,0.052804124159496146,1.576271186440678,1.0,3,0.0,0.0
1.0,0.05290699567809371,1.4576271186440677,1.0,3,0.0,0.0
1.0,0.05314374564548853,1.3220338983050848,1.0,3,0.0,0.0
1.0,0.0532969647915959,1.2033898305084745,1.0,3,0.0,0.0
1.0,0.053176154746216155,1.11864406779661,1.0,3,0.0,0.0
1.0,0.05307145839680511,1.0508474576271187,1.0,3,0.0,0.0
1.0,0.05316482621665273,1.0,1.0,3,0.0,0.0
1.0,0.05327551533331357,0.9491525423728814,1.0,3,0.0,0.0
1.0,0.053336987122779726,0.9491525423728814,1.0,3,0.0,0.0
1.0,0.05416078657136885,0.9491525423728814,1.0,3,0.0,0.0
1.0,0.05410475510708628,0.9491525423728814,1.0,3,0.0,0.0
1.0,0.05411142392852395,0.9491525423728814,1.0,3,0.0,0.0
1.0,0.05413799012496513,0.9491525423728814,1.0,3,0.0,0.0
1.0,0.05415798558926456,0.9491525423728814,1.0,3,0.0,0.0
1.0,0.05418580428571269,0.9491525423728814,1.0,3,0.0,0.0
1.0,0.054385278446423914,0.9491525423728814,1.0,3,0.0,0.0
1.0,0.05423637642859701,0.9491525423728814,1.0,3,0.0,0.0
1.0,0.0542885785535613,0.9491525423728814,1.0,3,0.0,0.0
1.0,0.054285335035729076,0.9491525423728814,1.0,3,0.0,0.0
1.0,0.054335967982167076,0.9491525423728814,1.0,3,0.0,0.0
1.0,0.054299399285712625,0.9491525423728814,1.0,3,0.0,0.0
1.0,0.054328609857131074,0.9491525423728814,1.0,3,0.0,0.0
1.0,0.05422785367857484,0.9491525423728814,1.0,3,0.0,0.0
1.0,0.05425232923214805,0.9491525423728814,1.0,3,0.0,0.0
1.0,0.05431560987501274,0.9491525423728814,1.0,3,0.0,0.0
1.0,0.05456108016070564,0.9491525423728814,1.0,3,0.0,0.0
1.0,0.05461498645451105,0.9322033898305084,1.0,3,0.0,0.0
1.0,0.05466074265449689,0.9322033898305084,1.0,3,0.0,0.0
1.0,0.05463342098209977,0.9491525423728814,1.0,3,0.0,0.0
1.0,0.05438979119636704,0.9491525423728814,1.0,3,0.0,0.0
1.0,0.05437820842852099,0.9491525423728814,1.0,3,0.0,0.0
1.0,0.05442088994641381,0.9491525423728814,1.0,3,0.0,0.0
1.0,0.054403180624993705,0.9491525423728814,1.0,3,0.0,0.0
1.0,0.05439906476788435,0.9491525423728814,1.0,3,0.0,0.0
1.0,0.054404829732155637,0.9491525423728814,1.0,3,0.0,0.0
1.0,0.05442857075000315,0.9491525423728814,1.0,3,0.0,0.0
1.0,0.05436626939285816,0.9491525423728814,1.0,3,0.0,0.0
1.0,0.054421009482146995,0.9491525423728814,1.0,3,0.0,0.0
1.0,0.05449959248218355,0.9491525423728814,1.0,3,0.0,0.0
1.0,0.05453002155361121,0.9491525423728814,1.0,3,0.0,0.0
1.0,0.05458457392861809,0.9491525423728814,1.0,3,0.0,0.0
1.0,0.054587219107198895,0.9491525423728814,1.0,3,0.0,0.0
1.0,0.0545819704643366,0.9491525423728814,1.0,3,0.0,0.0
1.0,0.05516742498217094,0.9491525423728814,1.0,3,0.0,0.0
1.0,0.05525850758931483,0.9491525423728814,1.0,3,0.0,0.0
1.0,0.0553045368909476,0.9322033898305084,1.0,3,0.0,0.0
1.0,0.05527067667277483,0.9322033898305084,1.0,3,0.0,0.0
1.0,0.05524914005361227,0.9491525423728814,1.0,3,0.0,0.0
1.0,0.055100376696470575,0.9491525423728814,1.0,3,0.0,0.0
1.0,0.05509033021433295,0.9491525423728814,1.0,3,0.0,0.0
1.0,0.055178382839358164,0.9491525423728814,1.0,3,0.0,0.0
1.0,0.05526129425009328,0.9491525423728814,1.0,3,0.0,0.0
1.0,0.05532422833932417,0.9491525423728814,1.0,3,0.0,0.0
1.0,0.055310808660741326,0.9491525423728814,1.0,3,0.0,0.0
1.0,0.05534271985717558,0.9491525423728814,1.0,3,0.0,0.0
1.0,0.05539398492861177,0.9491525423728814,1.0,3,0.0,0.0
1.0,0.05546312924999646,0.9491525423728814,1.0,3,0.0,0.0
1.0,0.05540970305358834,0.9491525423728814,1.0,3,0.0,0.0
1.0,0.055212179589326685,0.9491525423728814,1.0,3,0.0,0.0
1.0,0.055179859535753294,0.9491525423728814,1.0,3,0.0,0.0
1.0,0.05517991292861422,0.9491525423728814,1.0,3,0.0,0.0
1.0,0.055181618625023736,0.9491525423728814,1.0,3,0.0,0.0
1.0,0.05517513196433096,0.9491525423728814,1.0,3,0.0,0.0
1.0,0.055203992400063066,0.9322033898305084,1.0,3,0.0,0.0
1.0,0.05507634383641496,0.9322033898305084,1.0,3,0.0,0.0
1.0,0.05500740876790847,0.9491525423728814,1.0,3,0.0,0.0
1.0,0.05504418621434785,0.9491525423728814,1.0,3,0.0,0.0
1.0,0.054934587071492,0.9491525423728814,1.0,3,0.0,0.0
1.0,0.054949331857220125,0.9491525423728814,1.0,3,0.0,0.0
1.0,0.05506195673222334,0.9491525423728814,1.0,3,0.0,0.0
1.0,0.055009893303641935,0.9491525423728814,1.0,3,0.0,0.0
1.0,0.05494877039291168,0.9491525423728814,1.0,3,0.0,0.0
1.0,0.055176744678582114,0.9491525423728814,1.0,3,0.0,0.0
1.0,0.05502820887500093,0.9491525423728814,1.0,3,0.0,0.0
1.0,0.05504424519641101,0.9491525423728814,1.0,3,0.0,0.0
1.0,0.05522255124999122,0.9491525423728814,1.0,3,0.0,0.0
1.0,0.0552815814999771,0.9491525423728814,1.0,3,0.0,0.0
1.0,0.055180323178547035,0.9491525423728814,1.0,3,0.0,0.0
1.0,0.05524087382140611,0.9491525423728814,1.0,3,0.0,0.0
1.0,0.05523723485712903,0.9491525423728814,1.0,3,0.0,0.0
1.0,0.055241787946377886,0.9491525423728814,1.0,3,0.0,0.0
1.0,0.05536079299992837,0.9491525423728814,1.0,3,0.0,0.0
1.0,0.05537232643628985,0.9322033898305084,1.0,3,0.0,0.0
1.0,0.05520658527268758,0.9322033898305084,1.0,3,0.0,0.0
1.0,0.055195062535696185,0.9491525423728814,1.0,3,0.0,0.0
1.0,0.055223704428564294,0.9491525423728814,1.0,3,0.0,0.0
1.0,0.05523253533929814,0.9491525423728814,1.0,3,0.0,0.0
1.0,0.055273721375020346,0.9491525423728814,1.0,3,0.0,0.0
1.0,0.05534211753570162,0.9491525423728814,1.0,3,0.0,0.0
1.0,0.05533450814284281,0.9491525423728814,1.0,3,0.0,0.0
1.0,0.0553260858214019,0.9491525423728814,0.0,3,0.0,0.0
1.0,0.055338119428532596,0.9491525423728814,1.0,3,0.0,0.0
1.0,0.05561838999999273,0.9830508474576272,3.0,3,0.0,0.0
1.0,0.05532849403226141,1.0508474576271187,5.0,3,0.0,0.0
1.0,0.05537835905971718,1.1355932203389831,6.0,3,0.0,0.0
1.0,0.054845909863005325,1.2372881355932204,8.0,3,0.0,0.0
1.0,0.05434407206170656,1.3728813559322033,10.0,3,0.0,0.0
1.0,0.05384781401108841,1.5254237288135593,11.0,3,0.0,0.0
1.0,0.05333192874258931,1.7118644067796611,13.0,3,0.0,0.0
1.0,0.05298825266088344,1.9491525423728813,15.0,3,0.0,0.0
1.0,0.052524656242184165,2.169491525423729,16.0,3,0.0,0.0
1.0,0.05215952829164254,2.440677966101695,18.0,3,0.0,0.0
1.0,0.051810562586417946,2.7457627118644066,20.0,3,0.0,0.0
1.0,0.05150865104944668,3.084745762711864,21.0,3,0.0,0.0
1.0,0.0511917932376266,3.4237288135593222,23.0,3,0.0,0.0
1.0,0.05104264611111527,3.8135593220338984,25.0,3,0.0,0.0
1.0,0.05088726374898815,4.186440677966102,26.0,3,0.0,0.0
1.0,0.05118750954042137,4.610169491525424,28.0,3,0.0,0.0
1.0,0.05164504986955047,5.067796610169491,30.0,3,0.0,0.0
1.0,0.05163289165547789,5.559322033898305,31.0,3,0.0,0.0
1.0,0.05154835913407873,6.067796610169491,33.0,3,0.0,0.0
1.0,0.051736755812817135,6.610169491525424,35.0,3,0.0,0.0
1.0,0.05194567914386511,7.186440677966102,36.0,3,0.0,0.0
1.0,0.05217141382275078,7.745762711864407,38.0,3,0.0,0.0
1.0,0.0526028324696453,8.372881355932204,40.0,3,0.0,0.0
1.0,0.05287340438649896,9.033898305084746,41.0,3,0.0,0.0
1.0,0.05290250524868321,10.40677966101695,45.0,3,0.0,0.0
1.0,0.05371251652519166,11.101694915254237,46.0,3,0.0,0.0
1.0,0.05375781946571806,11.864406779661017,48.0,3,0.0,0.0
1.0,0.0538554154832121,12.627118644067796,50.0,3,0.0,0.0
1.0,0.054095736602770304,13.440677966101696,51.0,3,0.0,0.0
1.0,0.054512942107016085,14.254237288135593,53.0,3,0.0,0.0
1.0,0.055046923909198194,15.11864406779661,55.0,3,0.0,0.0
1.0,0.05549593513786953,15.983050847457626,56.0,3,0.0,0.0
1.0,0.05593792949900807,16.88135593220339,58.0,3,0.0,0.0
1.0,0.05694083285225247,17.779661016949152,60.0,3,0.0,0.0
1.0,0.05753293045710358,18.76271186440678,61.0,3,0.0,0.0
1.0,0.05788476330558941,19.74576271186441,63.0,3,0.0,0.0
1.0,0.05837878783647253,20.728813559322035,65.0,3,0.0,0.0
1.0,0.058597966839444376,21.74576271186441,66.0,3,0.0,0.0
1.0,0.05901330940980989,22.83050847457627,68.0,3,0.0,0.0
1.0,0.059486619176607865,23.89830508474576,70.0,3,0.0,0.0
1.0,0.059975390291062844,24.983050847457626,71.0,3,0.0,0.0
1.0,0.06084059100844649,26.152542372881356,73.0,3,0.0,0.0
1.0,0.06164140455005222,27.271186440677965,75.0,3,0.0,0.0
1.0,0.062298808365716885,28.45762711864407,76.0,3,0.0,0.0
1.0,0.06323246867354648,29.64406779661017,78.0,3,0.0,0.0
1.0,0.0656206398509544,30.8135593220339,80.0,3,0.0,0.0
1.0,0.06742313240764006,32.016949152542374,82.0,3,0.0,0.0
1.0,0.07055709963075836,33.186440677966104,83.0,3,0.0,0.0
1.0,0.07498312331985754,34.33898305084746,85.0,3,0.0,0.0
1.0,0.07853420508755211,35.6271186440678,87.0,3,0.0,0.0
1.0,0.08210239625462172,36.813559322033896,88.0,3,0.0,0.0
1.0,0.08616454302362496,38.05084745762712,90.0,3,0.0,0.0
1.0,0.0908453983761998,39.28813559322034,92.0,3,0.0,0.0
1.0,0.09573149703017637,40.45762711864407,93.0,3,0.0,0.0
1.0,0.10190075906594315,41.644067796610166,95.0,3,0.0,0.0
1.0,0.10855658773088173,42.76271186440678,97.0,3,0.0,0.0
1.0,0.11620906053983249,44.05084745762712,98.0,3,0.0,0.0
1.0,0.1222966849416277,45.28813559322034,100.0,3,0.0,0.0
1.0,0.12859109814453631,46.32203389830509,100.0,3,0.0,0.0
1.0,0.1379013188452304,47.52542372881356,100.0,3,0.0,0.0
1.0,0.14250310867190777,48.610169491525426,100.0,3,0.0,0.0
1.0,0.14929944340416934,49.69491525423729,100.0,3,0.0,0.0
1.0,0.15635087308885423,50.74576271186441,100.0,3,0.0,0.0
1.0,0.16152341901862294,51.898305084745765,100.0,3,0.0,0.0
1.0,0.1670317016698742,52.932203389830505,100.0,3,0.0,0.0
1.0,0.17169068608186946,53.83050847457627,100.0,3,0.0,0.0
1.0,0.18082782616414417,55.76271186440678,100.0,3,0.0,0.0
1.0,0.1870508454588777,56.66101694915254,100.0,3,0.0,0.0
1.0,0.19224862791274286,57.49152542372882,100.0,3,0.0,0.0
1.0,0.19696335952132796,58.42372881355932,100.0,3,0.0,0.0
1.0,0.201503681468976,59.271186440677965,100.0,3,0.0,0.0
1.0,0.20514967029022557,60.152542372881356,100.0,3,0.0,0.0
1.0,0.20954303063391339,60.88135593220339,100.0,3,0.0,0.0
1.0,0.21464529229769488,61.66101694915254,100.0,3,0.0,0.0
1.0,0.21981935368199615,62.30508474576271,100.0,3,0.0,0.0
1.0,0.22446888023300599,63.06779661016949,100.0,3,0.0,0.0
1.0,0.22877148738298275,63.728813559322035,100.0,3,0.0,0.0
1.0,0.23282239697946133,64.35593220338983,100.0,3,0.0,0.0
1.0,0.2369662303383775,65.0677966101695,100.0,3,0.0,0.0
1.0,0.24088375585283142,65.64406779661017,100.0,3,0.0,0.0
1.0,0.24567383041436514,66.10169491525424,100.0,3,0.0,0.0
1.0,0.25027589712900994,66.7457627118644,100.0,3,0.0,0.0
1.0,0.25435354952319705,67.2542372881356,100.0,3,0.0,0.0
1.0,0.2576836676986865,67.77966101694915,100.0,3,0.0,0.0
1.0,0.2617212452047308,68.22033898305085,100.0,3,0.0,0.0
1.0,0.2661596640670906,68.72881355932203,100.0,3,0.0,0.0
1.0,0.2704827105696155,69.03389830508475,100.0,3,0.0,0.0
1.0,0.27540891745240215,69.42372881355932,100.0,3,0.0,0.0
1.0,0.28072205872374323,69.69491525423729,100.0,3,0.0,0.0
1.0,0.2854331671521797,70.16949152542372,100.0,3,0.0,0.0
1.0,0.29071689434265774,70.33898305084746,100.0,3,0.0,0.0
1.0,0.299747502274623,70.91525423728814,100.0,3,0.0,0.0
1.0,0.3052755572029146,71.08474576271186,100.0,3,0.0,0.0
1.0,0.3109955848081831,71.30508474576271,100.0,3,0.0,0.0
1.0,0.3147615634574625,71.50847457627118,100.0,3,0.0,0.0
1.0,0.31961184558789363,71.64406779661017,100.0,3,0.0,0.0
1.0,0.32483086050272086,71.8135593220339,100.0,3,0.0,0.0
1.0,0.32886224085576343,71.91525423728814,100.0,3,0.0,0.0
1.0,0.333605299011056,72.03389830508475,100.0,3,0.0,0.0
1.0,0.338939175956498,72.08474576271186,100.0,3,0.0,0.0
1.0,0.34374207053103956,72.0677966101695,100.0,3,0.0,0.0
1.0,0.34863912836651345,72.1864406779661,100.0,3,0.0,0.0
1.0,0.3521696472822579,72.23728813559322,100.0,3,0.0,0.0
1.0,0.35581689352382706,72.1864406779661,100.0,3,0.0,0.0
1.0,0.3592990302347516,72.27118644067797,100.0,3,0.0,0.0
1.0,0.3621544356893075,72.33898305084746,100.0,3,0.0,0.0
1.0,0.36634217705510375,72.27118644067797,100.0,3,0.0,0.0
1.0,0.36961980699318003,72.1864406779661,100.0,3,0.0,0.0
1.0,0.3742205300808367,72.11864406779661,100.0,3,0.0,0.0
1.0,0.37655579023444596,72.22033898305085,100.0,3,0.0,0.0
1.0,0.3786092986056772,72.16949152542372,100.0,3,0.0,0.0
1.0,0.3810139084830963,72.20338983050847,100.0,3,0.0,0.0
1.0,0.38127154073727487,72.2542372881356,100.0,3,0.0,0.0
1.0,0.3822071713122608,72.13559322033899,100.0,3,0.0,0.0
1.0,0.38316060975886435,72.11864406779661,100.0,3,0.0,0.0
1.0,0.3812479150936306,72.20338983050847,99.0,3,0.0,0.0
1.0,0.3817817248325406,72.23728813559322,98.0,3,0.0,0.0
1.0,0.380414438919571,72.2542372881356,97.0,3,0.0,0.0
1.0,0.3794834242255504,72.2542372881356,96.0,3,0.0,0.0
1.0,0.3788962742225317,72.16949152542372,95.0,3,0.0,0.0
1.0,0.3776801777585133,72.11864406779661,94.0,3,0.0,0.0
1.0,0.37646387662353165,72.27118644067797,93.0,3,0.0,0.0
1.0,0.37460919243875573,72.20338983050847,92.0,3,0.0,0.0
1.0,0.3731241732321878,72.28813559322033,91.0,3,0.0,0.0
1.0,0.3703244733961023,72.20338983050847,90.0,3,0.0,0.0
1.0,0.36795563493345407,72.2542372881356,89.0,3,0.0,0.0
1.0,0.36523993530473303,72.20338983050847,88.0,3,0.0,0.0
1.0,0.362651258902671,72.15254237288136,87.0,3,0.0,0.0
1.0,0.3609127478182651,72.0677966101695,86.0,3,0.0,0.0
1.0,0.35802861554148935,72.1864406779661,85.0,3,0.0,0.0
1.0,0.35399927403145504,72.08474576271186,84.0,3,0.0,0.0
1.0,0.35059549578178945,72.11864406779661,83.0,3,0.0,0.0
1.0,0.3470327331963336,72.05084745762711,82.0,3,0.0,0.0
1.0,0.3433494479241391,72.05084745762711,81.0,3,0.0,0.0
1.0,0.33885668675058067,72.05084745762711,80.0,3,0.0,0.0
1.0,0.3344961550357376,71.94915254237289,79.0,3,0.0,0.0
1.0,0.3302494027108545,71.98305084745763,78.0,3,0.0,0.0
1.0,0.3249852151094304,72.05084745762711,77.0,3,0.0,0.0
1.0,0.3203378741682607,71.89830508474576,76.0,3,0.0,0.0
1.0,0.3167107915084702,71.77966101694915,75.0,3,0.0,0.0
1.0,0.31303567625228257,71.69491525423729,74.0,3,0.0,0.0
1.0,0.3090147724783566,71.59322033898304,73.0,3,0.0,0.0
1.0,0.3042236578476869,71.44067796610169,72.0,3,0.0,0.0
1.0,0.29922284219767,71.47457627118644,71.0,3,0.0,0.0
1.0,0.2937918611073852,71.37288135593221,70.0,3,0.0,0.0
1.0,0.28802009177489235,71.32203389830508,69.0,3,0.0,0.0
1.0,0.28303449596162916,71.0,68.0,3,0.0,0.0
1.0,0.27712896407453186,71.01694915254237,67.0,3,0.0,0.0
1.0,0.27157842634630985,70.76271186440678,66.0,3,0.0,0.0
1.0,0.2672211002565188,70.61016949152543,65.0,3,0.0,0.0
1.0,0.2590504484467035,70.22033898305085,63.0,3,0.0,0.0
1.0,0.2518302308972597,69.96610169491525,62.0,3,0.0,0.0
1.0,0.24683473106012818,69.7457627118644,61.0,3,0.0,0.0
1.0,0.24150019849244178,69.44067796610169,60.0,3,0.0,0.0
1.0,0.23741915761720433,69.1864406779661,59.0,3,0.0,0.0
1.0,0.2325430649203929,68.83050847457628,58.0,3,0.0,0.0
1.0,0.22721270731029453,68.50847457627118,57.0,3,0.0,0.0
1.0,0.2224806169110769,68.27118644067797,56.0,3,0.0,0.0
1.0,0.2173251783492066,67.84745762711864,55.0,3,0.0,0.0
1.0,0.21303348607365322,67.50847457627118,54.0,3,0.0,0.0
1.0,0.2091495060848518,67.16949152542372,53.0,3,0.0,0.0
1.0,0.20438407131805011,66.72881355932203,52.0,3,0.0,0.0
1.0,0.19946177909209978,66.28813559322033,51.0,3,0.0,0.0
1.0,0.19396316693481058,65.88135593220339,50.0,3,0.0,0.0
1.0,0.1890412420830612,65.55932203389831,49.0,3,0.0,0.0
1.0,0.1822571080664473,65.15254237288136,48.0,3,0.0,0.0
1.0,0.17688397804086373,64.55932203389831,47.0,3,0.0,0.0
1.0,0.17190282896599504,64.13559322033899,46.0,3,0.0,0.0
1.0,0.1651252992364528,63.644067796610166,45.0,3,0.0,0.0
1.0,0.16015487690361438,63.152542372881356,44.0,3,0.0,0.0
1.0,0.1540682597831159,62.67796610169491,43.0,3,0.0,0.0
1.0,0.14836062419935309,62.08474576271186,42.0,3,0.0,0.0
1.0,0.14315786235815214,61.559322033898304,41.0,3,0.0,0.0
1.0,0.1372125489736514,60.94915254237288,40.0,3,0.0,0.0
1.0,0.13192744043723423,60.35593220338983,39.0,3,0.0,0.0
1.0,0.12699628552704278,59.76271186440678,38.0,3,0.0,0.0
1.0,0.12118868374758018,59.16949152542373,37.0,3,0.0,0.0
1.0,0.11650753770347702,58.52542372881356,36.0,3,0.0,0.0
1.0,0.11198660319247257,57.91525423728814,35.0,3,0.0,0.0
1.0,0.10723867222597745,57.186440677966104,34.0,3,0.0,0.0
1.0,0.10353179158476238,56.57627118644068,33.0,3,0.0,0.0
1.0,0.09952330264522902,55.74576271186441,32.0,3,0.0,0.0
1.0,0.0956362262658163,55.11864406779661,31.0,3,0.0,0.0
1.0,0.09148709318929982,54.35593220338983,30.0,3,0.0,0.0
1.0,0.08835407061920542,53.610169491525426,29.0,3,0.0,0.0
1.0,0.08518584261192051,52.88135593220339,28.0,3,0.0,0.0
1.0,0.08183824290068845,52.16949152542373,27.0,3,0.0,0.0
1.0,0.07829152320674526,51.271186440677965,26.0,3,0.0,0.0
1.0,0.07633658354655863,50.559322033898304,25.0,3,0.0,0.0
1.0,0.07288124260341312,49.76271186440678,24.0,3,0.0,0.0
1.0,0.07031624620465127,48.88135593220339,23.0,3,0.0,0.0
1.0,0.0680675274971967,48.03389830508475,22.0,3,0.0,0.0
1.0,0.06731688039183922,47.16949152542373,21.0,3,0.0,0.0
1.0,0.06635983735248996,46.28813559322034,20.0,3,0.0,0.0
1.0,0.06506227882725615,45.35593220338983,19.0,3,0.0,0.0
1.0,0.0642900026216443,44.45762711864407,18.0,3,0.0,0.0
1.0,0.06324194693359235,43.559322033898304,17.0,3,0.0,0.0
1.0,0.06131966919606808,42.71186440677966,16.0,3,0.0,0.0
1.0,0.06036262187144121,41.83050847457627,15.0,3,0.0,0.0
1.0,0.05922826237879932,40.94915254237288,14.0,3,0.0,0.0
1.0,0.05858130462090498,40.016949152542374,13.0,3,0.0,0.0
1.0,0.05824256296537023,39.05084745762712,12.0,3,0.0,0.0
1.0,0.05782858853172748,38.13559322033898,11.0,3,0.0,0.0
1.0,0.05741757458237111,37.186440677966104,10.0,3,0.0,0.0
1.0,0.057036535768999225,36.32203389830509,9.0,3,0.0,0.0
1.0,0.05691242032935886,35.35593220338983,8.0,3,0.0,0.0
1.0,0.05687329317986802,34.440677966101696,7.0,3,0.0,0.0
1.0,0.05650907022981291,33.50847457627118,6.0,3,0.0,0.0
1.0,0.056283018034784034,32.610169491525426,5.0,3,0.0,0.0
1.0,0.05599802687508313,31.694915254237287,4.0,3,0.0,0.0
1.0,0.055519898019817604,30.76271186440678,3.0,3,0.0,0.0
1.0,0.05523397205980416,28.864406779661017,1.0,3,0.0,0.0
1.0,0.05509801834647003,27.93220338983051,1.0,3,0.0,0.0
1.0,0.055046699786216895,26.983050847457626,1.0,3,0.0,0.0
1.0,0.05489827323754924,26.135593220338983,1.0,3,0.0,0.0
1.0,0.05476607449463151,25.203389830508474,1.0,3,0.0,0.0
1.0,0.054651297213497256,24.322033898305083,1.0,3,0.0,0.0
1.0,0.05430687385353444,23.440677966101696,1.0,3,0.0,0.0
1.0,0.054122471356501535,22.627118644067796,1.0,3,0.0,0.0
1.0,0.05367123038140421,21.8135593220339,1.0,3,0.0,0.0
1.0,0.0534203212963989,21.050847457627118,1.0,3,0.0,0.0
1.0,0.05274762073853147,20.23728813559322,1.0,3,0.0,0.0
1.0,0.052591523863613626,19.45762711864407,1.0,3,0.0,0.0
1.0,0.05243776058591268,18.694915254237287,1.0,3,0.0,0.0
1.0,0.052307798424684006,17.949152542372882,1.0,3,0.0,0.0
1.0,0.05223252853870026,17.25423728813559,1.0,3,0.0,0.0
1.0,0.052107799204517545,16.52542372881356,1.0,3,0.0,0.0
1.0,0.05176200601068279,15.847457627118644,1.0,3,0.0,0.0
1.0,0.051446848549632156,15.152542372881356,1.0,3,0.0,0.0
1.0,0.05124918146978437,14.525423728813559,1.0,3,0.0,0.0
1.0,0.05112585671621531,13.864406779661017,1.0,3,0.0,0.0
1.0,0.050973057322714656,13.23728813559322,1.0,3,0.0,0.0
1.0,0.05084856085006196,12.610169491525424,1.0,3,0.0,0.0
1.0,0.05081819472432755,12.0,1.0,3,0.0,0.0
1.0,0.05042913414052549,11.40677966101695,1.0,3,0.0,0.0
1.0,0.05043279425077016,10.830508474576272,1.0,3,0.0,0.0
1.0,0.050519898344822435,10.271186440677965,1.0,3,0.0,0.0
1.0,0.05045875812325878,9.711864406779661,1.0,3,0.0,0.0
1.0,0.05045829868622855,9.186440677966102,1.0,3,0.0,0.0
1.0,0.050533570969037975,8.711864406779661,1.0,3,0.0,0.0
1.0,0.050570322956866226,8.220338983050848,1.0,3,0.0,0.0
1.0,0.050499778199555846,7.779661016949152,1.0,3,0.0,0.0
1.0,0.050461850893766,7.305084745762712,1.0,3,0.0,0.0
1.0,0.05055454358376314,6.8474576271186445,1.0,3,0.0,0.0
1.0,0.05051060423750097,6.389830508474576,1.0,3,0.0,0.0
1.0,0.05053478273951159,6.016949152542373,1.0,3,0.0,0.0
1.0,0.05046243069579529,5.593220338983051,1.0,3,0.0,0.0
1.0,0.05033216704530399,5.220338983050848,1.0,3,0.0,0.0
1.0,0.05038461467586252,4.898305084745763,1.0,3,0.0,0.0
1.0,0.050324117568751645,4.5423728813559325,1.0,3,0.0,0.0
1.0,0.05035397918873351,4.203389830508475,1.0,3,0.0,0.0
1.0,0.05053907032324473,3.9152542372881354,1.0,3,0.0,0.0
1.0,0.05080823743659314,3.593220338983051,1.0,3,0.0,0.0
1.0,0.051090298857115135,3.305084745762712,1.0,3,0.0,0.0
1.0,0.05112873008834687,3.0508474576271185,1.0,3,0.0,0.0
1.0,0.0514976960120817,2.7966101694915255,1.0,3,0.0,0.0
1.0,0.05157859851328491,2.542372881355932,1.0,3,0.0,0.0
1.0,0.051927409620382434,2.3220338983050848,1.0,3,0.0,0.0
1.0,0.05215031290472758,2.135593220338983,1.0,3,0.0,0.0
1.0,0.052422035173873636,1.9491525423728813,1.0,3,0.0,0.0
1.0,0.052580352114264754,1.7796610169491525,1.0,3,0.0,0.0
1.0,0.05292171535050507,1.6440677966101696,1.0,3,0.0,0.0
1.0,0.05322716809091203,1.4915254237288136,1.0,3,0.0,0.0
1.0,0.0533274251234773,1.3728813559322033,1.0,3,0.0,0.0
1.0,0.053444945270294315,1.2542372881355932,1.0,3,0.0,0.0
1.0,0.053522429550735134,1.1694915254237288,1.0,3,0.0,0.0
1.0,0.05381390606248715,1.0847457627118644,1.0,3,0.0,0.0
1.0,0.054121916733311085,1.0169491525423728,1.0,3,0.0,0.0
1.0,0.054120377862059754,0.9830508474576272,1.0,3,0.0,0.0
1.0,0.05413202856142194,0.9661016949152542,1.0,3,0.0,0.0
1.0,0.05417936499994929,0.9491525423728814,1.0,3,0.0,0.0
1.0,0.05414167332723578,0.9322033898305084,1.0,3,0.0,0.0
1.0,0.05408826273209602,0.9491525423728814,1.0,3,0.0,0.0
1.0,0.054107010446386994,0.9491525423728814,1.0,3,0.0,0.0
1.0,0.05410379241067988,0.9491525423728814,1.0,3,0.0,0.0
1.0,0.05405904078562734,0.9491525423728814,1.0,3,0.0,0.0
1.0,0.05410229662486797,0.9491525423728814,1.0,3,0.0,0.0
1.0,0.05409450280343923,0.9491525423728814,1.0,3,0.0,0.0
1.0,0.054180323312632866,0.9482758620689655,1.0,3,0.0,0.0
1.0,0.05421304998198398,0.9491525423728814,1.0,3,0.0,0.0
1.0,0.05413076878556109,0.9491525423728814,1.0,3,0.0,0.0
1.0,0.05418386124983953,0.9491525423728814,1.0,3,0.0,0.0
1.0,0.05425009080340714,0.9491525423728814,1.0,3,0.0,0.0
1.0,0.05404324153557484,0.9491525423728814,1.0,3,0.0,0.0
1.0,0.05408278576770239,0.9491525423728814,1.0,3,0.0,0.0
1.0,0.05410315994627776,0.9491525423728814,1.0,3,0.0,0.0
1.0,0.05403184787486939,0.9491525423728814,1.0,3,0.0,0.0
1.0,0.05404264391060159,0.9491525423728814,1.0,3,0.0,0.0
1.0,0.053986635017736255,0.9491525423728814,1.0,3,0.0,0.0
1.0,0.05398424805442285,0.9322033898305084,1.0,3,0.0,0.0
1.0,0.05396058124987186,0.9491525423728814,1.0,3,0.0,0.0
1.0,0.054089081999888676,0.9491525423728814,1.0,3,0.0,0.0
1.0,0.05411499607134828,0.9491525423728814,1.0,3,0.0,0.0
1.0,0.054026312285649115,0.9491525423728814,1.0,3,0.0,0.0
1.0,0.05411557694632003,0.9491525423728814,1.0,3,0.0,0.0
1.0,0.05420790201774902,0.9491525423728814,1.0,3,0.0,0.0
1.0,0.054142894767762434,0.9491525423728814,1.0,3,0.0,0.0
1.0,0.05443674841064551,0.9491525423728814,1.0,3,0.0,0.0
1.0,0.05450049242849023,0.9491525423728814,1.0,3,0.0,0.0
1.0,0.05410631955347916,0.9491525423728814,1.0,3,0.0,0.0
1.0,0.05407247812487575,0.9491525423728814,1.0,3,0.0,0.0
1.0,0.05419799782128264,0.9491525423728814,1.0,3,0.0,0.0
1.0,0.053957313732001105,0.9491525423728814,1.0,3,0.0,0.0
1.0,0.054197742142702864,0.9491525423728814,1.0,3,0.0,0.0
1.0,0.054243119642706006,0.9491525423728814,1.0,3,0.0,0.0
1.0,0.054161623428431734,0.9491525423728814,1.0,3,0.0,0.0
1.0,0.0542285078212704,0.9491525423728814,1.0,3,0.0,0.0
1.0,0.05421384987484349,0.9491525423728814,1.0,3,0.0,0.0
1.0,0.054215898145279925,0.9322033898305084,1.0,3,0.0,0.0
1.0,0.054185094236196496,0.9322033898305084,1.0,3,0.0,0.0
1.0,0.054307881571276084,0.9491525423728814,1.0,3,0.0,0.0
1.0,0.05422492223202166,0.9491525423728814,1.0,3,0.0,0.0
1.0,0.05419126069630563,0.9491525423728814,1.0,3,0.0,0.0
1.0,0.05412959453558739,0.9491525423728814,1.0,3,0.0,0.0
1.0,0.05418083264274693,0.9491525423728814,1.0,3,0.0,0.0
1.0,0.05411669337490821,0.9491525423728814,1.0,3,0.0,0.0
1.0,0.05426727373206372,0.9491525423728814,1.0,3,0.0,0.0
1.0,0.054359419732073935,0.9491525423728814,1.0,3,0.0,0.0
1.0,0.054290543214230116,0.9491525423728814,1.0,3,0.0,0.0
1.0,0.054265604964192395,0.9491525423728814,1.0,3,0.0,0.0
1.0,0.054289062142775686,0.9491525423728814,1.0,3,0.0,0.0
1.0,0.05417151371420914,0.9491525423728814,1.0,3,0.0,0.0
1.0,0.054138059499921704,0.9491525423728814,1.0,3,0.0,0.0
1.0,0.05417165835706327,0.9491525423728814,1.0,3,0.0,0.0
1.0,0.05427898392849784,0.9491525423728814,1.0,3,0.0,0.0
1.0,0.05432691124994043,0.9491525423728814,1.0,3,0.0,0.0
1.0,0.05438295135708618,0.9491525423728814,1.0,3,0.0,0.0
1.0,0.054426275072645774,0.9322033898305084,1.0,3,0.0,0.0
1.0,0.05426582876359383,0.9322033898305084,1.0,3,0.0,0.0
1.0,0.054396797499943465,0.9491525423728814,1.0,3,0.0,0.0
1.0,0.05442935862496207,0.9491525423728814,1.0,3,0.0,0.0
1.0,0.05443181885711315,0.9491525423728814,1.0,3,0.0,0.0
1.0,0.05449094148210471,0.9491525423728814,1.0,3,0.0,0.0
1.0,0.05452561439285221,0.9491525423728814,1.0,3,0.0,0.0
1.0,0.054431730571455506,0.9491525423728814,1.0,3,0.0,0.0
1.0,0.05451095139288294,0.9491525423728814,1.0,3,0.0,0.0
1.0,0.05444327966074525,0.9491525423728814,1.0,3,0.0,0.0
1.0,0.05439660955361042,0.9491525423728814,1.0,3,0.0,0.0
1.0,0.054364647107182196,0.9491525423728814,1.0,3,0.0,0.0
1.0,0.05443318075003844,0.9491525423728814,1.0,3,0.0,0.0
1.0,0.0543540368036182,0.9491525423728814,1.0,3,0.0,0.0
1.0,0.054335394035758454,0.9491525423728814,1.0,3,0.0,0.0
1.0,0.05438073612504013,0.9491525423728814,1.0,3,0.0,0.0
1.0,0.05440007692862179,0.9491525423728814,1.0,3,0.0,0.0
1.0,0.05444822041077454,0.9491525423728814,1.0,3,0.0,0.0
1.0,0.05449853921433195,0.9491525423728814,1.0,3,0.0,0.0
1.0,0.054473495290982436,0.9322033898305084,1.0,3,0.0,0.0
1.0,0.054482306714362494,0.9491525423728814,1.0,3,0.0,0.0
1.0,0.05445757105368492,0.9491525423728814,1.0,3,0.0,0.0
1.0,0.05430092550009898,0.9491525423728814,1.0,3,0.0,0.0
